sketch_filename,description
00001fb010_930831.jpg,"Big_Nose, Eyeglasses, Male, No_Beard, Wearing_Necktie"
00002fa010_930831.jpg,"Bags_Under_Eyes, Big_Nose, Male, Mouth_Slightly_Open, No_Beard, Young"
00003fa010_930831.jpg,"Big_Nose, Black_Hair, Eyeglasses, Male, Young"
00004fb010_930831.jpg,"Bags_Under_Eyes, Big_Nose, Male, No_Beard"
00005fa010_930831.jpg,"Bags_Under_Eyes, Big_Nose, Male, No_Beard"
00006fb010_930831.jpg,"Big_Nose, Male, Mouth_Slightly_Open, No_Beard, Wearing_Hat"
00007fb010_930831.jpg,"Big_Nose, Eyeglasses, Male, No_Beard"
00008fa010_930831.jpg,"Big_Nose, Eyeglasses, Male, No_Beard, Wearing_Hat, Young"
00009fb010_930831.jpg,"5_o_Clock_Shadow, Big_Nose, Eyeglasses, Male, No_Beard, Young"
00010fb010_930831.jpg,"5_o_Clock_Shadow, Big_Nose, Male, Mouth_Slightly_Open, Young"
00012fb010_930831.jpg,"Bangs, Big_Nose, Male, No_Beard, Young"
00013fb010_930831.jpg,"Arched_Eyebrows, Big_Nose, High_Cheekbones, Mouth_Slightly_Open, No_Beard, Smiling, Wavy_Hair, Wearing_Lipstick, Young"
00014fa010_930831.jpg,"Bags_Under_Eyes, Big_Nose, Chubby, Double_Chin, Male, Mouth_Slightly_Open, No_Beard, Wearing_Necktie"
00015fa010_930831.jpg,"Big_Nose, Male, No_Beard, Pale_Skin, Young"
00016fb010_930831.jpg,"Bags_Under_Eyes, Big_Nose, Male, No_Beard, Young"
00017fa010_930831.jpg,"Big_Nose, Male, No_Beard, Young"
00018fa010_930831.jpg,"Bangs, Big_Nose, High_Cheekbones, No_Beard, Smiling, Wavy_Hair, Wearing_Lipstick, Young"
00019fa010_930831.jpg,"Bags_Under_Eyes, Big_Nose, Chubby, Double_Chin, High_Cheekbones, Male, Mouth_Slightly_Open, No_Beard, Smiling"
00020fa010_930831.jpg,"Bangs, Male, Mouth_Slightly_Open, No_Beard, Young"
00021fb010_930831.jpg,"Bags_Under_Eyes, Bangs, Big_Nose, Male, No_Beard, Wavy_Hair"
00022fa010_930831.jpg,"Big_Nose, Black_Hair, Male, No_Beard, Young"
00023fa010_930831.jpg,"Bags_Under_Eyes, Big_Nose, Male, No_Beard, Pale_Skin, Wearing_Necktie"
00024fa010_930831.jpg,"Attractive, Bags_Under_Eyes, Big_Nose, Male, No_Beard, Young"
00025fa010_930831.jpg,"5_o_Clock_Shadow, Bags_Under_Eyes, Big_Nose, Male, Mouth_Slightly_Open, No_Beard, Smiling, Young"
00026fa010_930831.jpg,"Bangs, Big_Nose, Male, No_Beard, Wavy_Hair, Young"
00027fa010_930831.jpg,"Bangs, Big_Nose, High_Cheekbones, Mouth_Slightly_Open, No_Beard, Smiling, Wearing_Lipstick"
00028fb010_930831.jpg,"5_o_Clock_Shadow, Bags_Under_Eyes, Big_Nose, Bushy_Eyebrows, Male, Young"
00029fa010_930831.jpg,"Bangs, Big_Nose, Black_Hair, Male, No_Beard, Young"
00030fa010_930831.jpg,"Big_Nose, Eyeglasses, Male, No_Beard, Young"
00031fa010_930831.jpg,"Bags_Under_Eyes, Big_Nose, Eyeglasses, Male, Mouth_Slightly_Open, No_Beard"
00032fa010_930831.jpg,"Bangs, Big_Nose, Eyeglasses, Mouth_Slightly_Open, No_Beard, Smiling"
00033fa010_930831.jpg,"Arched_Eyebrows, Bangs, Big_Nose, No_Beard, Wavy_Hair, Wearing_Lipstick, Wearing_Necklace"
00034fb010_930831.jpg,"Big_Nose, Eyeglasses, Male, No_Beard, Wearing_Necktie"
00035fb010_930831.jpg,"Big_Nose, Male, No_Beard, Wearing_Hat, Young"
00036fa010_930831.jpg,"Bags_Under_Eyes, Big_Nose, Eyeglasses, Male, No_Beard, Young"
00037fa010_930831.jpg,"Big_Nose, Eyeglasses, Male, No_Beard, Wearing_Necktie"
00038fa010_930831.jpg,"5_o_Clock_Shadow, Bags_Under_Eyes, Big_Nose, Bushy_Eyebrows, Male, Young"
00039fa010_930831.jpg,"Big_Nose, Black_Hair, Bushy_Eyebrows, Male, Mouth_Slightly_Open, No_Beard, Young"
00040fa010_930831.jpg,"Arched_Eyebrows, Heavy_Makeup, No_Beard, Wearing_Lipstick, Young"
00041fb010_930831.jpg,"Bangs, Big_Nose, No_Beard, Wavy_Hair"
00042fa010_930831.jpg,"Bags_Under_Eyes, Big_Nose, Chubby, Double_Chin, Male, Mouth_Slightly_Open, Smiling"
00043fb001d_931230.jpg,"Big_Nose, Black_Hair, Male, No_Beard, Wavy_Hair, Young"
00044fa001d_931230.jpg,"Bangs, Male, No_Beard, Young"
00045fa001d_931230.jpg,"Bangs, Big_Nose, Black_Hair, Eyeglasses, Male, No_Beard, Straight_Hair, Young"
00046fa001d_931230.jpg,"Black_Hair, Male, No_Beard, Straight_Hair, Young"
00047fa001d_931230.jpg,"No_Beard, Young"
00048fa001d_931230.jpg,"5_o_Clock_Shadow, Big_Nose, Eyeglasses, Male, No_Beard, Young"
00049fa001d_931230.jpg,"Male, No_Beard, Young"
00050fa001d_931230.jpg,"Male, No_Beard, Straight_Hair, Young"
00051fa001d_931230.jpg,"Big_Nose, Black_Hair, Male, No_Beard, Young"
00052fa001d_931230.jpg,"Male, No_Beard, Young"
00053fb001d_931230.jpg,"Bangs, Big_Nose, No_Beard, Wavy_Hair, Young"
00054fa001d_931230.jpg,"Big_Nose, Eyeglasses, Male, No_Beard, Wearing_Necktie, Young"
00055fa001d_931230.jpg,"Big_Nose, Black_Hair, Eyeglasses, Male, No_Beard, Young"
00056fa001d_931230.jpg,"Bags_Under_Eyes, Big_Nose, Male, No_Beard, Young"
00057fa001d_931230.jpg,"Male, No_Beard, Straight_Hair, Young"
00058fa001d_931230.jpg,"Black_Hair, Male, No_Beard, Straight_Hair, Young"
00059fb001d_931230.jpg,"Bags_Under_Eyes, Big_Nose, Brown_Hair, Male, No_Beard, Young"
00060fa001d_931230.jpg,"Male, No_Beard, Young"
00061fb001d_931230.jpg,"Bangs, No_Beard, Straight_Hair, Young"
00062fb001d_931230.jpg,"Brown_Hair, Male, No_Beard, Young"
00063fa001d_931230.jpg,"Black_Hair, Male, No_Beard, Straight_Hair, Young"
00064fa001d_931230.jpg,"Big_Nose, Male, No_Beard, Young"
00065fb001d_931230.jpg,"Big_Nose, Male, No_Beard, Wavy_Hair, Young"
00066fa001d_931230.jpg,"Big_Nose, Black_Hair, Eyeglasses, Male, No_Beard, Young"
00067fa001d_931230.jpg,"Big_Nose, Black_Hair, Eyeglasses, Male, No_Beard, Straight_Hair, Young"
00068fa001d_931230.jpg,"Male, No_Beard, Wavy_Hair, Young"
00069fb001d_931230.jpg,"Big_Nose, Bushy_Eyebrows, Male, Straight_Hair, Young"
00070fa001d_931230.jpg,"Big_Nose, Male, No_Beard, Straight_Hair, Wearing_Hat, Young"
00071fa001d_931230.jpg,"Attractive, Eyeglasses, Male, No_Beard, Young"
00072fa001d_931230.jpg,"Bangs, Blond_Hair, Mouth_Slightly_Open, No_Beard, Wavy_Hair"
00073fa001d_931230.jpg,"Big_Nose, Male, No_Beard, Young"
00074fa001d_931230.jpg,"Big_Nose, Black_Hair, Eyeglasses, Male, No_Beard, Young"
00075fa001d_931230.jpg,"Big_Nose, Chubby, Eyeglasses, Male, No_Beard, Wearing_Necktie, Young"
00076fa001d_931230.jpg,"Black_Hair, Male, No_Beard, Young"
00077fa001d_931230.jpg,"Male, No_Beard, Young"
00078fa001d_931230.jpg,"Bags_Under_Eyes, Big_Nose, Black_Hair, Eyeglasses, Male, Straight_Hair"
00079fa001d_931230.jpg,"Big_Nose, Eyeglasses, Male, No_Beard, Young"
00080fa001d_931230.jpg,"Male, No_Beard, Straight_Hair, Wearing_Necktie, Young"
00081fa011d_931230.jpg,"Big_Nose, Black_Hair, Bushy_Eyebrows, Male, No_Beard, Straight_Hair, Young"
00082fa011d_931230.jpg,"Bags_Under_Eyes, Big_Nose, Male"
00083fa011d_931230.jpg,"5_o_Clock_Shadow, Big_Nose, Eyeglasses, Male, Young"
00084fb011d_931230.jpg,"No_Beard, Wavy_Hair, Young"
00085fb011d_931230.jpg,"Attractive, Big_Nose, Male, Mouth_Slightly_Open, Straight_Hair, Young"
00087fb011d_931230.jpg,"Male, No_Beard, Wavy_Hair, Young"
00088fa011d_931230.jpg,"Big_Nose, Eyeglasses, Male, No_Beard, Young"
00089fa011d_931230.jpg,"Big_Nose, Male, No_Beard, Straight_Hair, Young"
00090fa011d_931230.jpg,"Attractive, Brown_Hair, No_Beard, Wearing_Lipstick, Young"
00091fb011d_931230.jpg,"Bags_Under_Eyes, Big_Nose, Black_Hair, Male, No_Beard, Young"
00092fa011d_931230.jpg,"Black_Hair, No_Beard, Wearing_Earrings, Young"
00093fa011d_931230.jpg,"Attractive, Bags_Under_Eyes, Big_Nose, Black_Hair, Bushy_Eyebrows, Male, No_Beard, Straight_Hair, Young"
00094fa011d_931230.jpg,"Big_Nose, Eyeglasses, Male, No_Beard, Young"
00096fa011d_931230.jpg,"Big_Nose, Black_Hair, Bushy_Eyebrows, Male, No_Beard, Young"
00097fa011d_931230.jpg,"Black_Hair, Male, No_Beard, Wearing_Hat, Young"
00098fa011d_931230.jpg,"Male, No_Beard, Wavy_Hair, Young"
00099fa011d_931230.jpg,"Big_Nose, Eyeglasses, Male, No_Beard, Young"
00100fa011d_931230.jpg,"Big_Nose, Black_Hair, Eyeglasses, Male, No_Beard, Straight_Hair, Young"
00101fa011d_931230.jpg,"No_Beard, Wavy_Hair, Wearing_Lipstick, Young"
00102fa011d_931230.jpg,"No_Beard, Young"
00103fa011d_931230.jpg,"Big_Nose, Black_Hair, Chubby, Eyeglasses, Male, Straight_Hair, Young"
00104fa011d_931230.jpg,"Attractive, No_Beard, Wavy_Hair, Young"
00105fb011d_931230.jpg,"Male, No_Beard, Straight_Hair, Young"
00106fa011d_931230.jpg,"Big_Nose, Black_Hair, Eyeglasses, Male, No_Beard, Young"
00107fa011d_931230.jpg,"Attractive, Male, No_Beard, Wearing_Hat, Young"
00108fa011d_931230.jpg,"Big_Lips, Big_Nose, Black_Hair, Male, Young"
00109fa011d_931230.jpg,"Bags_Under_Eyes, Male, Young"
00110fb011d_931230.jpg,"Bags_Under_Eyes, Big_Nose, Black_Hair, Male, No_Beard, Straight_Hair, Young"
00111fb011d_931230.jpg,"Attractive, Brown_Hair, Male, No_Beard, Young"
00112fa011d_931230.jpg,"Attractive, No_Beard, Wavy_Hair, Wearing_Lipstick, Young"
00113fa011d_931230.jpg,"Black_Hair, Eyeglasses, Male, No_Beard, Young"
00114fa011d_931230.jpg,"5_o_Clock_Shadow, Bags_Under_Eyes, Big_Nose, Black_Hair, Bushy_Eyebrows, Male, No_Beard, Straight_Hair, Young"
00115fa011d_931230.jpg,"Big_Nose, Male, Young"
00116fa011d_931230.jpg,"Attractive, Male, No_Beard, Young"
00117fa011d_931230.jpg,"Big_Nose, Black_Hair, Eyeglasses, Male, No_Beard, Straight_Hair, Young"
00118fa011d_931230.jpg,"Eyeglasses, Male, No_Beard"
00119fb011d_931230.jpg,"5_o_Clock_Shadow, Male, Young"
00120fa011d_931230.jpg,"Male, No_Beard, Straight_Hair, Young"
00121fa011d_931230.jpg,"No_Beard, Wavy_Hair, Young"
00122fa011d_931230.jpg,"5_o_Clock_Shadow, Bags_Under_Eyes, Big_Nose, Bushy_Eyebrows, Male, No_Beard, Straight_Hair, Young"
00123fb011d_931230.jpg,"Bangs, No_Beard, Wearing_Lipstick"
00124fa011d_931230.jpg,"Big_Nose, Male, No_Beard, Young"
00125fa011d_931230.jpg,"Brown_Hair, No_Beard, Wavy_Hair, Young"
00126fb011d_931230.jpg,"Attractive, Brown_Hair, No_Beard, Wavy_Hair, Young"
00127fa011d_931230.jpg,"Bags_Under_Eyes, Big_Nose, Male, Young"
00128fa011d_931230.jpg,"Eyeglasses, Male, No_Beard, Young"
00129fb011d_931230.jpg,"5_o_Clock_Shadow, Big_Nose, Black_Hair, Bushy_Eyebrows, Male, No_Beard, Straight_Hair, Wearing_Hat, Young"
00130fb011d_931230.jpg,"No_Beard, Young"
00131fb011d_931230.jpg,"Male, No_Beard, Wearing_Hat, Young"
00132fb011d_931230.jpg,"5_o_Clock_Shadow, Big_Nose, Male, No_Beard, Wearing_Hat, Young"
00133fa001d_931230.jpg,"Bangs, Black_Hair, Bushy_Eyebrows, Male, No_Beard, Straight_Hair, Young"
00134fa011d_931230.jpg,"Big_Nose, Black_Hair, Eyeglasses, Male, No_Beard, Young"
00135fa001d_931230.jpg,"Eyeglasses, Male, No_Beard, Straight_Hair, Wearing_Necktie, Young"
00136fa011d_931230.jpg,"5_o_Clock_Shadow, Big_Nose, Chubby, Male, Straight_Hair, Young"
00137fa011d_931230.jpg,"Eyeglasses, Male, No_Beard, Young"
00138fa011d_931230.jpg,"Male, No_Beard, Young"
00139fb011d_931230.jpg,"Black_Hair, Bushy_Eyebrows, Male, No_Beard, Young"
00140fb011d_931230.jpg,"Big_Nose, Male, No_Beard, Young"
00141fb011d_931230.jpg,"Big_Nose, Black_Hair, Male, No_Beard, Wavy_Hair, Young"
00142fb011d_931230.jpg,"Big_Nose, Male, Young"
00143fa011d_931230.jpg,"Big_Nose, Eyeglasses, Male, No_Beard, Young"
00144fa011d_931230.jpg,"Black_Hair, Male, No_Beard, Young"
00145fb011d_931230.jpg,"Attractive, Heavy_Makeup, No_Beard, Wavy_Hair, Wearing_Lipstick, Young"
00146fa011d_931230.jpg,"5_o_Clock_Shadow, Big_Nose, Eyeglasses, Male, Young"
00147fb011d_931230.jpg,"Male, No_Beard, Young"
00148fa011d_931230.jpg,"5_o_Clock_Shadow, Big_Nose, Male, Straight_Hair, Young"
00149fa001d_931230.jpg,"No_Beard, Wavy_Hair, Wearing_Lipstick, Young"
00150fa011d_931230.jpg,"Black_Hair, Eyeglasses, Male, No_Beard, Young"
00151fa001d_931230.jpg,"Big_Nose, Eyeglasses, Male, Young"
00152fa001d_931230.jpg,"Bangs, Male, No_Beard, Young"
00153fa001d_931230.jpg,"Male, No_Beard, Straight_Hair, Young"
00154fa001d_931230.jpg,"Attractive, No_Beard, Wavy_Hair, Wearing_Lipstick, Young"
00155fb001d_931230.jpg,"Brown_Hair, Male, No_Beard, Straight_Hair, Young"
00156fa001d_931230.jpg,"Big_Nose, Black_Hair, Eyeglasses, Male, No_Beard, Young"
00157fa001d_931230.jpg,"Big_Nose, Eyeglasses, Male, Young"
00158fb001d_931230.jpg,No_Beard
00159fa001d_931230.jpg,"Black_Hair, Male, No_Beard, Straight_Hair, Young"
00160fa001d_931230.jpg,"Big_Nose, Black_Hair, Eyeglasses, Male, No_Beard, Young"
00161fa001d_931230.jpg,"Eyeglasses, Male, No_Beard, Straight_Hair, Wearing_Necktie"
00162fa001d_931230.jpg,"Male, No_Beard, Young"
00163fb001d_931230.jpg,"No_Beard, Wearing_Lipstick, Young"
00164fa001d_931230.jpg,"Big_Nose, Black_Hair, Eyeglasses, Male, No_Beard, Straight_Hair, Young"
00165fa001d_931230.jpg,"Big_Nose, Black_Hair, Eyeglasses, Male, No_Beard, Young"
00166fa001d_931230.jpg,"Black_Hair, Male, No_Beard, Straight_Hair, Young"
00167fa001d_931230.jpg,"Male, No_Beard, Straight_Hair, Young"
00168fa001d_931230.jpg,"Big_Nose, Black_Hair, Eyeglasses, Male, Young"
00169fa001d_931230.jpg,"Big_Nose, Black_Hair, Eyeglasses, Male, No_Beard, Straight_Hair, Young"
00170fb001d_931230.jpg,"Black_Hair, Male, No_Beard, Young"
00171fa001d_931230.jpg,"Black_Hair, Male, No_Beard, Straight_Hair, Young"
00172fa001d_931230.jpg,"Bags_Under_Eyes, Big_Nose, Male, No_Beard"
00173fa001d_931230.jpg,"Big_Nose, Eyeglasses, Male, No_Beard, Young"
00174fa001d_931230.jpg,"Big_Nose, Black_Hair, Male, No_Beard, Young"
00175fb001d_931230.jpg,"Big_Nose, Eyeglasses, Male, No_Beard, Young"
00176fa001d_931230.jpg,"Big_Nose, Black_Hair, Male, No_Beard, Straight_Hair, Young"
00177fa001d_931230.jpg,"Eyeglasses, Male, No_Beard, Wavy_Hair, Young"
00178fa001d_931230.jpg,"Eyeglasses, Male, No_Beard, Straight_Hair, Young"
00179fa001d_931230.jpg,"Big_Nose, Black_Hair, Bushy_Eyebrows, Male, No_Beard, Young"
00180fb001d_931230.jpg,"5_o_Clock_Shadow, Brown_Hair, Male, No_Beard, Young"
00181fa001d_931230.jpg,"Big_Nose, Male, No_Beard, Young"
00182fa001d_931230.jpg,"Male, No_Beard, Straight_Hair, Wearing_Necktie, Young"
00183fb010_940128.jpg,"Bags_Under_Eyes, Big_Nose, High_Cheekbones, Male, Mouth_Slightly_Open, Receding_Hairline, Smiling"
00184fa010_940128.jpg,"Attractive, Bushy_Eyebrows, Male, No_Beard, Young"
00185fa010_940128.jpg,"Attractive, Bangs, Blond_Hair, Heavy_Makeup, High_Cheekbones, No_Beard, Smiling, Wavy_Hair, Wearing_Lipstick, Young"
00186fa010_940128.jpg,"Big_Nose, Eyeglasses, Male, No_Beard, Wearing_Necktie, Young"
00187fa010_940128.jpg,"Big_Nose, Chubby, Eyeglasses, Male"
00188fa010_940128.jpg,"Big_Nose, Black_Hair, Bushy_Eyebrows, Male, No_Beard, Straight_Hair, Young"
00189fa010_940128.jpg,"Bags_Under_Eyes, Big_Nose, Black_Hair, Eyeglasses, High_Cheekbones, Male, No_Beard, Smiling, Young"
00190fa010_940128.jpg,"Attractive, Bags_Under_Eyes, Bushy_Eyebrows, Male, Mouth_Slightly_Open, No_Beard, Smiling, Wavy_Hair, Young"
00191fa010_940128.jpg,"No_Beard, Wavy_Hair, Wearing_Lipstick, Young"
00192fa010_940128.jpg,"Attractive, Black_Hair, Bushy_Eyebrows, Male, No_Beard, Straight_Hair, Young"
00193fa010_940128.jpg,"5_o_Clock_Shadow, Bags_Under_Eyes, Big_Nose, Male, No_Beard, Young"
00194fb010_940128.jpg,"Attractive, Bangs, Brown_Hair, High_Cheekbones, Mouth_Slightly_Open, No_Beard, Oval_Face, Smiling, Wearing_Lipstick, Young"
00195fa010_940128.jpg,"Male, Mouth_Slightly_Open, No_Beard, Smiling, Wavy_Hair, Young"
00196fa010_940128.jpg,"Bangs, Big_Nose, Black_Hair, Bushy_Eyebrows, No_Beard, Young"
00197fa010_940128.jpg,"Attractive, No_Beard, Smiling, Wearing_Lipstick, Young"
00198fa010_940128.jpg,"No_Beard, Wearing_Lipstick, Young"
00199fa010_940128.jpg,"5_o_Clock_Shadow, Attractive, Bushy_Eyebrows, Male, No_Beard, Straight_Hair, Young"
00200fa010_940128.jpg,"5_o_Clock_Shadow, Attractive, Bags_Under_Eyes, Big_Nose, Black_Hair, Bushy_Eyebrows, Male, No_Beard, Smiling, Straight_Hair, Young"
00201fa010_940128.jpg,"Attractive, Bags_Under_Eyes, Bangs, Big_Nose, Brown_Hair, High_Cheekbones, Male, No_Beard, Smiling, Wavy_Hair, Young"
00202fa010_940128.jpg,"Bags_Under_Eyes, Big_Nose, Bushy_Eyebrows, High_Cheekbones, Male, Mouth_Slightly_Open, Narrow_Eyes, No_Beard, Smiling, Young"
00203fa010_940128.jpg,"5_o_Clock_Shadow, Bags_Under_Eyes, Big_Nose, Male, Sideburns, Young"
00204fa010_940128.jpg,"Big_Nose, Black_Hair, Eyeglasses, Male, No_Beard, Smiling, Straight_Hair, Young"
00205fa010_940128.jpg,"No_Beard, Young"
00206fa010_940128.jpg,"Big_Nose, Black_Hair, Eyeglasses, Male, Young"
00207fb010_940128.jpg,"5_o_Clock_Shadow, Bags_Under_Eyes, Big_Nose, Black_Hair, Bushy_Eyebrows, Male, Mouth_Slightly_Open, No_Beard, Smiling, Straight_Hair, Young"
00208fa010_940128.jpg,"High_Cheekbones, Male, No_Beard, Smiling, Straight_Hair, Young"
00209fa010_940128.jpg,"No_Beard, Young"
00210fb010_940128.jpg,"Bangs, Heavy_Makeup, High_Cheekbones, No_Beard, Wavy_Hair, Wearing_Lipstick, Young"
00211fa010_940128.jpg,"Bags_Under_Eyes, Big_Nose, High_Cheekbones, Male, Mouth_Slightly_Open, No_Beard, Smiling, Wavy_Hair, Young"
00212fa010_940128.jpg,"Eyeglasses, Male, No_Beard, Wavy_Hair, Young"
00213fa010_940128.jpg,"Big_Nose, Black_Hair, Male, No_Beard, Straight_Hair, Young"
00214fa010_940128.jpg,"5_o_Clock_Shadow, Attractive, Bags_Under_Eyes, Male, No_Beard, Smiling, Straight_Hair, Young"
00215fa010_940128.jpg,"Big_Nose, Black_Hair, Eyeglasses, Male, No_Beard, Young"
00216fa010_940128.jpg,"Attractive, Black_Hair, Bushy_Eyebrows, Male, No_Beard, Smiling, Young"
00217fb010_940128.jpg,"Big_Nose, Eyeglasses, Male, Mouth_Slightly_Open, No_Beard, Young"
00218fa010_940128.jpg,"Attractive, No_Beard, Young"
00219fa010_940128.jpg,"Big_Nose, Eyeglasses, Male, No_Beard, Young"
00220fa010_940128.jpg,"Bags_Under_Eyes, Big_Nose, Bushy_Eyebrows, Male, No_Beard, Smiling, Young"
00221fa010_940128.jpg,"No_Beard, Wavy_Hair, Young"
00222fa010_940128.jpg,"Black_Hair, Bushy_Eyebrows, Male, No_Beard, Young"
00223fa010_940128.jpg,"5_o_Clock_Shadow, Attractive, Bags_Under_Eyes, Brown_Hair, Bushy_Eyebrows, Male, No_Beard, Straight_Hair, Young"
00224fa010_940128.jpg,"Bags_Under_Eyes, Male, No_Beard, Young"
00227fa010_940128.jpg,"No_Beard, Wavy_Hair, Young"
00228fa010_940128.jpg,"Big_Nose, Chubby, Double_Chin, Eyeglasses, Male, No_Beard, Smiling"
00229fa010_940128.jpg,"Bags_Under_Eyes, Big_Nose, Bushy_Eyebrows, Male, No_Beard, Smiling, Straight_Hair, Young"
00230fb010_940128.jpg,"5_o_Clock_Shadow, Attractive, Bags_Under_Eyes, Male, No_Beard, Young"
00231fb010_940128.jpg,"No_Beard, Wavy_Hair, Young"
00233fa010_940128.jpg,"Eyeglasses, Male, No_Beard, Straight_Hair, Young"
00234fa010_940128.jpg,"Attractive, Bags_Under_Eyes, Black_Hair, Male, No_Beard, Straight_Hair, Young"
00235fb010_940128.jpg,"Blond_Hair, Brown_Hair, No_Beard, Straight_Hair, Young"
00236fa010_940128.jpg,"Black_Hair, Eyeglasses, Male, No_Beard, Young"
00237fb010_940128.jpg,"5_o_Clock_Shadow, Big_Nose, Bushy_Eyebrows, Male, No_Beard, Young"
00238fb010_940128.jpg,"Attractive, Male, No_Beard, Young"
00239fa010_940128.jpg,"Attractive, No_Beard, Wearing_Lipstick, Young"
00241fa010_940128.jpg,"Attractive, Black_Hair, Eyeglasses, Male, No_Beard, Young"
00242fa010_940128.jpg,"Black_Hair, High_Cheekbones, Mouth_Slightly_Open, No_Beard, Smiling, Wearing_Lipstick, Young"
00243fa010_940128.jpg,"Attractive, Bags_Under_Eyes, Bangs, High_Cheekbones, No_Beard, Smiling, Wearing_Lipstick, Young"
00244fa010_940128.jpg,"Attractive, Bangs, Black_Hair, High_Cheekbones, No_Beard, Young"
00245fa010_940128.jpg,"Attractive, Bags_Under_Eyes, High_Cheekbones, Mouth_Slightly_Open, No_Beard, Smiling, Wavy_Hair, Wearing_Lipstick, Young"
00246fa010_940128.jpg,"Attractive, Black_Hair, Male, No_Beard, Straight_Hair, Young"
00247fa010_940128.jpg,"Big_Nose, Male, No_Beard, Young"
00248fa010_940128.jpg,"5_o_Clock_Shadow, Attractive, Black_Hair, Bushy_Eyebrows, Male, No_Beard, Straight_Hair, Young"
00249fa010_940128.jpg,"Big_Nose, Chubby, Double_Chin, Eyeglasses, Male, No_Beard"
00250fa010_940128.jpg,"Attractive, Bags_Under_Eyes, Bushy_Eyebrows, High_Cheekbones, Male, Mouth_Slightly_Open, No_Beard, Smiling, Straight_Hair, Young"
00251fa010_940128.jpg,"Male, No_Beard, Young"
00252fa010_940128.jpg,"Eyeglasses, Male, No_Beard, Young"
00253fa010_940128.jpg,"Attractive, Bags_Under_Eyes, Male, No_Beard, Straight_Hair, Young"
00254fa010_940128.jpg,"Bangs, Big_Nose, No_Beard, Straight_Hair, Wearing_Lipstick, Young"
00255fa010_940128.jpg,"Bags_Under_Eyes, Big_Nose, Eyeglasses, High_Cheekbones, Male, No_Beard, Smiling, Young"
00256fa010_940928.jpg,"5_o_Clock_Shadow, Attractive, Black_Hair, Male, No_Beard, Young"
00257fa010_940128.jpg,"5_o_Clock_Shadow, Big_Nose, Chubby, Male, Young"
00258fa010_940128.jpg,"5_o_Clock_Shadow, Bags_Under_Eyes, Big_Nose, Black_Hair, Bushy_Eyebrows, Male, Mouth_Slightly_Open, No_Beard, Smiling, Young"
00259fa010_940128.jpg,"Brown_Hair, No_Beard, Wavy_Hair, Wearing_Lipstick, Young"
00260fa010_940128.jpg,"Attractive, Blond_Hair, High_Cheekbones, No_Beard, Wearing_Lipstick, Young"
00261fb010_940128.jpg,"Attractive, Bags_Under_Eyes, Big_Nose, Bushy_Eyebrows, Male, No_Beard, Young"
00262fa010_940128.jpg,"Attractive, Bags_Under_Eyes, Bushy_Eyebrows, High_Cheekbones, Male, No_Beard, Smiling, Young"
00263fb010_940128.jpg,"Attractive, No_Beard, Young"
00264fa010_940128.jpg,"Attractive, No_Beard, Wavy_Hair, Young"
00265fb010_940128.jpg,"No_Beard, Wearing_Lipstick, Young"
00266fb010_940128.jpg,"Attractive, Brown_Hair, No_Beard, Straight_Hair, Young"
00267fb010_940128.jpg,"Attractive, Bangs, Black_Hair, Mouth_Slightly_Open, No_Beard, Smiling, Straight_Hair, Wearing_Lipstick, Young"
00268fa010_940307.jpg,"Bags_Under_Eyes, Big_Nose, Bushy_Eyebrows, Male, No_Beard, Smiling, Straight_Hair, Young"
00269fa010_940422.jpg,"Black_Hair, Male, No_Beard, Young"
00270fb010_940422.jpg,"Bags_Under_Eyes, Big_Nose, Brown_Hair, High_Cheekbones, Male, Mouth_Slightly_Open, No_Beard, Smiling, Wavy_Hair, Young"
00271fa010_940422.jpg,"No_Beard, Young"
00272fa010_940422.jpg,"Attractive, Bushy_Eyebrows, Male, No_Beard, Young"
00273fa010_940422.jpg,"Male, No_Beard, Young"
00275fa010_940422.jpg,"Attractive, Bushy_Eyebrows, Male, No_Beard, Young"
00276fa010_940422.jpg,"Attractive, Male, No_Beard, Young"
00278fb010_940422.jpg,"Bags_Under_Eyes, Big_Nose, High_Cheekbones, Male, Mouth_Slightly_Open, No_Beard, Smiling, Wavy_Hair, Young"
00279fa010_940422.jpg,"Attractive, No_Beard, Wavy_Hair, Wearing_Lipstick, Young"
00280fb010_940422.jpg,"Brown_Hair, High_Cheekbones, No_Beard, Smiling, Young"
00281fa010_940422.jpg,"5_o_Clock_Shadow, Attractive, Male, No_Beard, Young"
00282fa010_940422.jpg,"Attractive, Black_Hair, Bushy_Eyebrows, Male, No_Beard, Young"
00283fa010_940422.jpg,"5_o_Clock_Shadow, Bags_Under_Eyes, Big_Nose, Black_Hair, Male, No_Beard, Young"
00284fa010_940422.jpg,"5_o_Clock_Shadow, Bags_Under_Eyes, Big_Nose, Male, No_Beard, Young"
00285fa010_940422.jpg,"Male, No_Beard, Young"
00286fa010_940422.jpg,"5_o_Clock_Shadow, Bags_Under_Eyes, Big_Nose, Bushy_Eyebrows, Male, No_Beard, Young"
00287fa010_940422.jpg,"5_o_Clock_Shadow, Big_Nose, Male, Young"
00288fa010_940422.jpg,"Arched_Eyebrows, Attractive, Black_Hair, No_Beard, Wearing_Lipstick, Young"
00289fa010_940422.jpg,"Bags_Under_Eyes, Big_Nose, Chubby, Double_Chin, High_Cheekbones, Male, No_Beard, Smiling, Straight_Hair"
00290fa010_940422.jpg,"Arched_Eyebrows, Attractive, Black_Hair, No_Beard, Smiling, Wearing_Lipstick, Young"
00291fa010_940422.jpg,"5_o_Clock_Shadow, Bags_Under_Eyes, Big_Nose, Black_Hair, Bushy_Eyebrows, Male, No_Beard, Young"
00292fa010_940422.jpg,"Attractive, Brown_Hair, No_Beard, Wavy_Hair, Young"
00293fa010_940422.jpg,"No_Beard, Receding_Hairline, Young"
00294fa010_940422.jpg,"Black_Hair, No_Beard, Young"
00295fa010_940422.jpg,"5_o_Clock_Shadow, Black_Hair, Bushy_Eyebrows, Male, No_Beard, Young"
00296fa010_940422.jpg,"Attractive, Bags_Under_Eyes, Brown_Hair, Male, No_Beard, Young"
00297fa010_940422.jpg,"Male, No_Beard, Young"
00298fa010_940422.jpg,"Attractive, Bags_Under_Eyes, Black_Hair, Male, No_Beard, Young"
00299fa010_940422.jpg,"Male, No_Beard, Young"
00300fa010_940422.jpg,"Big_Lips, Big_Nose, High_Cheekbones, Male, Mouth_Slightly_Open, Young"
00301fa010_940422.jpg,"Male, No_Beard, Straight_Hair, Wearing_Hat, Young"
00302fa010_940422.jpg,"Arched_Eyebrows, Big_Lips, Black_Hair, High_Cheekbones, Mouth_Slightly_Open, No_Beard, Young"
00303fa010_940422.jpg,"Attractive, Male, No_Beard, Wearing_Hat, Young"
00304fa010_940422.jpg,"Attractive, Male, No_Beard, Young"
00305fa010_940422.jpg,"Big_Lips, Black_Hair, Male, No_Beard, Young"
00306fa010_940422.jpg,"High_Cheekbones, No_Beard, Oval_Face, Smiling, Young"
00307fb010_940422.jpg,"Bags_Under_Eyes, Big_Nose, Male, No_Beard"
00308fb010_940422.jpg,"Brown_Hair, No_Beard, Young"
00309fb010_940422.jpg,"Big_Nose, Male, No_Beard, Wearing_Hat, Young"
00310fa010_940422.jpg,"Attractive, Male, No_Beard, Straight_Hair, Young"
00311fa010_940422.jpg,"Attractive, Big_Lips, Black_Hair, Bushy_Eyebrows, Male, No_Beard, Young"
00312fa010_940422.jpg,"Black_Hair, Bushy_Eyebrows, Male, No_Beard, Wavy_Hair, Young"
00313fa010_940422.jpg,"Big_Nose, Black_Hair, Bushy_Eyebrows, Male, No_Beard, Straight_Hair, Young"
00314fa010_940422.jpg,"Black_Hair, Male, No_Beard, Wavy_Hair, Young"
00315fb010_940422.jpg,"Attractive, Male, No_Beard, Young"
00316fa010_940422.jpg,"Attractive, Bangs, No_Beard, Wavy_Hair, Wearing_Lipstick, Young"
00317fb010_940422.jpg,"Male, No_Beard, Young"
00318fb010_940422.jpg,"Big_Nose, Black_Hair, Bushy_Eyebrows, Male, No_Beard, Young"
00319fa010_940422.jpg,"Attractive, Bangs, No_Beard, Smiling, Young"
00320fa010_940422.jpg,"Attractive, Bushy_Eyebrows, Male, No_Beard, Straight_Hair, Young"
00321fa010_940422.jpg,"Male, No_Beard, Young"
00322fa010_940422.jpg,"Black_Hair, Male, No_Beard, Young"
00323fa010_940422.jpg,"Male, No_Beard, Young"
00324fa010_940422.jpg,"Attractive, Bangs, Male, No_Beard, Young"
00325fa010_940422.jpg,"Male, No_Beard, Smiling, Wavy_Hair, Young"
00326fa010_940422.jpg,"Brown_Hair, High_Cheekbones, Male, Mouth_Slightly_Open, No_Beard, Smiling, Wavy_Hair, Young"
00327fa010_940422.jpg,"Black_Hair, Male, No_Beard, Young"
00328fb010_940422.jpg,"Big_Nose, Black_Hair, Male, No_Beard, Young"
00329fa010_940422.jpg,"Male, No_Beard, Young"
00330fb010_940422.jpg,"Bags_Under_Eyes, Big_Nose, Black_Hair, Male, No_Beard, Young"
00331fb010_940422.jpg,"Male, No_Beard, Young"
00332fa010_940422.jpg,"Male, No_Beard, Young"
00333fa010_940422.jpg,"Male, No_Beard, Wearing_Hat, Young"
00334fa010_940422.jpg,"Big_Nose, Black_Hair, Male, No_Beard, Straight_Hair, Young"
00335fa010_940422.jpg,"5_o_Clock_Shadow, Black_Hair, Male, No_Beard, Young"
00336fa010_940422.jpg,"Big_Nose, High_Cheekbones, Male, Mouth_Slightly_Open, No_Beard, Smiling, Young"
00337fa010_940422.jpg,"Bags_Under_Eyes, Bangs, Big_Nose, High_Cheekbones, Mouth_Slightly_Open, No_Beard, Smiling, Young"
00338fa010_940422.jpg,"Black_Hair, Bushy_Eyebrows, Male, No_Beard, Young"
00339fa010_940422.jpg,"5_o_Clock_Shadow, Big_Nose, Bushy_Eyebrows, Male, Wearing_Hat, Young"
00340fa010_940422.jpg,"Attractive, Male, No_Beard, Straight_Hair, Young"
00341fa010_940422.jpg,"5_o_Clock_Shadow, Big_Nose, Bushy_Eyebrows, Male, No_Beard, Young"
00342fa010_940422.jpg,"No_Beard, Young"
00343fa010_940422.jpg,"Attractive, Bangs, No_Beard, Young"
00344fa010_940422.jpg,"No_Beard, Young"
00345fa010_940422.jpg,"5_o_Clock_Shadow, Bushy_Eyebrows, Male, No_Beard, Young"
00346fb010_940422.jpg,"No_Beard, Wearing_Lipstick, Young"
00347fa010_940422.jpg,"Bangs, Mouth_Slightly_Open, No_Beard, Smiling, Young"
00348fa010_940422.jpg,"Bushy_Eyebrows, Male, No_Beard, Young"
00349fb010_940422.jpg,"Bags_Under_Eyes, Brown_Hair, High_Cheekbones, No_Beard, Smiling, Wavy_Hair, Young"
00350fb010_940422.jpg,"Black_Hair, Male, No_Beard, Young"
00351fa010_940422.jpg,"Big_Nose, Black_Hair, No_Beard, Young"
00352fa010_940422.jpg,"Brown_Hair, High_Cheekbones, No_Beard, Wavy_Hair, Young"
00353fa010_940422.jpg,"High_Cheekbones, No_Beard, Wavy_Hair, Young"
00354fa010_940422.jpg,"No_Beard, Wavy_Hair, Young"
00355fa010_940422.jpg,"Male, No_Beard, Young"
00356fb010_940422.jpg,"Arched_Eyebrows, Black_Hair, No_Beard, Wavy_Hair, Wearing_Lipstick, Young"
00357fa010_940422.jpg,"Black_Hair, Male, No_Beard, Young"
00358fb010_940422.jpg,"Big_Lips, Big_Nose, Male, Young"
00359fa010_940422.jpg,"Bags_Under_Eyes, Male, No_Beard, Straight_Hair, Young"
00360fa010_940422.jpg,"Male, No_Beard, Young"
00361fa010_940422.jpg,"Male, No_Beard, Young"
00362fa010_940422.jpg,"5_o_Clock_Shadow, Big_Nose, Male, No_Beard, Wearing_Hat, Young"
00363fa010_940422.jpg,"Attractive, Male, No_Beard, Young"
00364fa010_940422.jpg,"Attractive, Black_Hair, Bushy_Eyebrows, Male, No_Beard, Straight_Hair, Young"
00365fa010_940422.jpg,"Bangs, Big_Nose, High_Cheekbones, Male, Mouth_Slightly_Open, No_Beard, Smiling, Wavy_Hair, Young"
00366fa010_940422.jpg,"Attractive, Bangs, Black_Hair, No_Beard, Young"
00367fa010_940422.jpg,"5_o_Clock_Shadow, Black_Hair, Bushy_Eyebrows, Male, No_Beard, Young"
00368fb010_940422.jpg,"Big_Nose, Eyeglasses, Male, No_Beard, Straight_Hair, Wearing_Necktie"
00369fa010_940422.jpg,"Attractive, Male, No_Beard, Young"
00370fa010_940422.jpg,"5_o_Clock_Shadow, Attractive, Bags_Under_Eyes, Bushy_Eyebrows, Male, No_Beard, Young"
00371fb010_940422.jpg,"Big_Lips, Big_Nose, Male, No_Beard, Young"
00373fa010_940422.jpg,"Big_Lips, Big_Nose, Black_Hair, No_Beard, Young"
00374fa010_940422.jpg,"Male, No_Beard, Wearing_Hat, Young"
00375fa010_940422.jpg,"Black_Hair, Male, No_Beard, Young"
00376fa010_940422.jpg,"Arched_Eyebrows, Big_Lips, Big_Nose, Black_Hair, No_Beard, Receding_Hairline, Wearing_Earrings, Wearing_Lipstick, Young"
00377fa010_940422.jpg,"Attractive, Big_Lips, Big_Nose, Male, No_Beard, Young"
00378fa011_940422.jpg,"Big_Nose, Black_Hair, Male, No_Beard, Young"
00379fa010_940422.jpg,"Arched_Eyebrows, Attractive, Bangs, Heavy_Makeup, No_Beard, Wavy_Hair, Wearing_Lipstick, Young"
00380fa010_940422.jpg,"Attractive, Bags_Under_Eyes, Bangs, Big_Nose, Brown_Hair, High_Cheekbones, Mouth_Slightly_Open, No_Beard, Smiling, Wavy_Hair, Young"
00381fa010_940422.jpg,"Attractive, Bags_Under_Eyes, Brown_Hair, High_Cheekbones, Mouth_Slightly_Open, No_Beard, Smiling, Wavy_Hair, Wearing_Lipstick, Young"
00383fb010_940422.jpg,"Bags_Under_Eyes, Big_Nose, Black_Hair, Bushy_Eyebrows, Male, No_Beard, Straight_Hair, Young"
00384fa010_940422.jpg,"Attractive, Black_Hair, Male, No_Beard, Young"
00385fa010_940422.jpg,"No_Beard, Wavy_Hair, Wearing_Lipstick, Young"
00386fb010_940422.jpg,"Big_Lips, Big_Nose, Bushy_Eyebrows, Male, Mouth_Slightly_Open, Young"
00387fb010_940422.jpg,"Big_Nose, Male, No_Beard, Young"
00388fa010_940422.jpg,"Attractive, High_Cheekbones, No_Beard, Smiling, Young"
00389fa010_940422.jpg,"Attractive, Big_Lips, Black_Hair, High_Cheekbones, Mouth_Slightly_Open, No_Beard, Smiling, Young"
00390fb010_940422.jpg,"Attractive, High_Cheekbones, No_Beard, Smiling, Wavy_Hair, Wearing_Lipstick, Young"
00391fa010_940422.jpg,"Brown_Hair, Mouth_Slightly_Open, No_Beard, Smiling, Young"
00392fb010_940422.jpg,"Big_Lips, Black_Hair, No_Beard, Young"
00393fb010_940422.jpg,"Bags_Under_Eyes, Bangs, Brown_Hair, Male, No_Beard, Young"
00394fa010_940422.jpg,"No_Beard, Young"
00395fa010_940422.jpg,"No_Beard, Wearing_Lipstick, Young"
00396fa010_940422.jpg,"Brown_Hair, No_Beard, Young"
00397fb010_940422.jpg,"Black_Hair, No_Beard, Straight_Hair, Young"
00398fa010_940422.jpg,"Attractive, Brown_Hair, High_Cheekbones, No_Beard, Smiling, Wavy_Hair, Wearing_Lipstick, Young"
00399fa010_940422.jpg,"Bags_Under_Eyes, Male, No_Beard, Young"
00400fa010_940422.jpg,"Attractive, Bangs, Brown_Hair, High_Cheekbones, No_Beard, Smiling, Wavy_Hair, Wearing_Lipstick, Young"
00401fa010_940422.jpg,"Attractive, Bags_Under_Eyes, Brown_Hair, High_Cheekbones, No_Beard, Smiling, Wearing_Lipstick, Young"
00402fa010_940422.jpg,"Big_Nose, Male, No_Beard, Young"
00403fb010_940422.jpg,"Attractive, Brown_Hair, High_Cheekbones, No_Beard, Smiling, Young"
00404fb010_940422.jpg,"Bags_Under_Eyes, Big_Nose, High_Cheekbones, Male, No_Beard, Smiling, Wavy_Hair, Young"
00405fa010_940422.jpg,"Male, No_Beard, Young"
00406fb010_940422.jpg,"Big_Lips, Black_Hair, Mouth_Slightly_Open, No_Beard, Young"
00407fb010_940422.jpg,"Attractive, Black_Hair, No_Beard, Wearing_Lipstick, Young"
00408fa010_940422.jpg,"Bangs, Male, Mouth_Slightly_Open, No_Beard, Smiling, Wavy_Hair, Young"
00409fa010_940422.jpg,"Black_Hair, Male, No_Beard, Young"
00410fb010_940422.jpg,"Arched_Eyebrows, High_Cheekbones, No_Beard, Oval_Face, Smiling, Wearing_Lipstick, Young"
00411fb010_940422.jpg,"Arched_Eyebrows, Attractive, Heavy_Makeup, No_Beard, Oval_Face, Straight_Hair, Wearing_Lipstick, Young"
00412fa010_940422.jpg,"Attractive, Bangs, Brown_Hair, Male, No_Beard, Young"
00413fa010_940422.jpg,"Bags_Under_Eyes, Black_Hair, Male, No_Beard, Young"
00414fa010_940422.jpg,"Male, No_Beard, Young"
00415fb010_940422.jpg,"Male, No_Beard, Straight_Hair, Young"
00416fa010_940422.jpg,"Attractive, Bangs, No_Beard, Wearing_Lipstick, Young"
00417fb010_940422.jpg,"Attractive, High_Cheekbones, No_Beard, Smiling, Young"
00418fa010_940422.jpg,"Bags_Under_Eyes, Big_Nose, Black_Hair, High_Cheekbones, No_Beard, Young"
00419fa010_940422.jpg,"Attractive, No_Beard, Young"
00420fa010_940422.jpg,"Brown_Hair, No_Beard, Young"
00421fa010_940422.jpg,"No_Beard, Wearing_Lipstick, Young"
00422fa010_940422.jpg,"Black_Hair, Mouth_Slightly_Open, No_Beard, Wearing_Earrings, Wearing_Lipstick, Young"
00423fa010_940422.jpg,"Attractive, Male, No_Beard, Young"
00424fa010_940422.jpg,"Attractive, No_Beard, Young"
00425fa010_940422.jpg,"Big_Nose, Brown_Hair, No_Beard, Young"
00426fa010_940422.jpg,"No_Beard, Young"
00427fa010_940422.jpg,"Male, No_Beard, Young"
00428fa010_940422.jpg,"High_Cheekbones, No_Beard, Smiling, Wearing_Lipstick, Young"
00429fa011_940422.jpg,"No_Beard, Young"
00430fa010_940422.jpg,"Attractive, Brown_Hair, High_Cheekbones, No_Beard, Smiling, Wavy_Hair, Young"
00431fa010_940422.jpg,"Big_Lips, Heavy_Makeup, No_Beard, Wavy_Hair, Wearing_Lipstick, Young"
00432fb010_940422.jpg,"Bags_Under_Eyes, Big_Nose, High_Cheekbones, No_Beard, Smiling, Wavy_Hair, Wearing_Earrings, Wearing_Lipstick, Young"
00433fb010_940422.jpg,"High_Cheekbones, No_Beard, Young"
00434fa010_940422.jpg,"Bangs, High_Cheekbones, Male, No_Beard, Smiling, Wavy_Hair, Young"
00435fa010_940422.jpg,"Attractive, Big_Lips, Black_Hair, Bushy_Eyebrows, No_Beard, Young"
00436fa011_940422.jpg,"Black_Hair, Male, No_Beard, Young"
00437fa010_940422.jpg,"Attractive, High_Cheekbones, No_Beard, Smiling, Young"
00438fa010_940422.jpg,"Bangs, Brown_Hair, No_Beard, Young"
00439fa010_940422.jpg,"Attractive, Big_Lips, Brown_Hair, High_Cheekbones, Mouth_Slightly_Open, No_Beard, Smiling, Wavy_Hair, Wearing_Lipstick, Young"
00440fa010_940422.jpg,"Attractive, No_Beard, Wearing_Hat, Young"
00441fb010_940422.jpg,"Arched_Eyebrows, Black_Hair, No_Beard, Receding_Hairline, Wearing_Earrings, Wearing_Lipstick, Young"
00442fa011_940422.jpg,"Big_Nose, Bushy_Eyebrows, Male, No_Beard, Young"
00443fa010_940422.jpg,"Attractive, Brown_Hair, High_Cheekbones, No_Beard, Smiling, Wavy_Hair, Wearing_Lipstick, Young"
00444fa010_940422.jpg,"Male, No_Beard, Young"
00445fa010_940422.jpg,"Big_Nose, High_Cheekbones, Male, Mouth_Slightly_Open, Smiling, Wavy_Hair, Young"
00446fa010_940422.jpg,"Arched_Eyebrows, Attractive, Big_Lips, Black_Hair, Heavy_Makeup, High_Cheekbones, Mouth_Slightly_Open, No_Beard, Smiling, Wavy_Hair, Wearing_Earrings, Wearing_Lipstick, Young"
00447fb010_940422.jpg,"Bags_Under_Eyes, Big_Nose, High_Cheekbones, Male, No_Beard, Smiling, Wavy_Hair, Young"
00448fa010_940422.jpg,"Bags_Under_Eyes, Big_Lips, Big_Nose, Black_Hair, Bushy_Eyebrows, High_Cheekbones, Male, Mouth_Slightly_Open, No_Beard, Smiling, Wavy_Hair, Young"
00449fa010_940422.jpg,"Black_Hair, No_Beard, Straight_Hair, Young"
00450fa011_940422.jpg,"Attractive, Black_Hair, No_Beard, Straight_Hair, Young"
00451fa010_940422.jpg,"Bags_Under_Eyes, High_Cheekbones, Mouth_Slightly_Open, No_Beard, Smiling, Wavy_Hair, Young"
00452fa010_940422.jpg,"Black_Hair, No_Beard, Young"
00453fb010_940422.jpg,"Big_Nose, Male, Mustache, Young"
00454fb010_940422.jpg,"Arched_Eyebrows, Attractive, Black_Hair, Heavy_Makeup, No_Beard, Wearing_Lipstick, Young"
00455fa010_940422.jpg,"Arched_Eyebrows, Attractive, Heavy_Makeup, No_Beard, Wearing_Earrings, Wearing_Lipstick, Young"
00456fa010_940422.jpg,"No_Beard, Young"
00457fa010_940422.jpg,"No_Beard, Wavy_Hair, Young"
00458fa011_940422.jpg,"Attractive, Male, No_Beard, Young"
00459fa010_940422.jpg,"High_Cheekbones, Male, Mouth_Slightly_Open, No_Beard, Smiling, Young"
00460fa010_940422.jpg,"Bags_Under_Eyes, Big_Nose, Black_Hair, Male, No_Beard, Young"
00461fa010_940422.jpg,"Attractive, Black_Hair, No_Beard, Wavy_Hair, Young"
00462fa010_940422.jpg,"Male, No_Beard, Young"
00465fa010_940519.jpg,"Bags_Under_Eyes, Big_Nose, Double_Chin, Male, No_Beard, Smiling"
00466fb010_940519.jpg,"Bags_Under_Eyes, Male, No_Beard, Young"
00467fa010_940519.jpg,"Bags_Under_Eyes, Big_Lips, Big_Nose, Chubby, Double_Chin, High_Cheekbones, Male, Mouth_Slightly_Open, No_Beard, Smiling, Young"
00468fa010_940519.jpg,"5_o_Clock_Shadow, Bags_Under_Eyes, Big_Nose, Bushy_Eyebrows, Male, No_Beard, Smiling, Young"
00469fa010_940519.jpg,"Attractive, Bags_Under_Eyes, Brown_Hair, High_Cheekbones, Mouth_Slightly_Open, No_Beard, Smiling, Wavy_Hair, Young"
00470fa010_940519.jpg,"5_o_Clock_Shadow, Bags_Under_Eyes, Big_Nose, High_Cheekbones, Male, Mouth_Slightly_Open, No_Beard, Smiling, Straight_Hair, Young"
00471fb010_940519.jpg,"Bags_Under_Eyes, Big_Nose, Double_Chin, High_Cheekbones, Male, Mouth_Slightly_Open, No_Beard, Smiling"
00472fa010_940519.jpg,"Bags_Under_Eyes, Big_Lips, Big_Nose, High_Cheekbones, Male, Mouth_Slightly_Open, No_Beard, Oval_Face, Smiling"
00473fa010_940519.jpg,"Bags_Under_Eyes, Big_Nose, Black_Hair, Bushy_Eyebrows, Chubby, High_Cheekbones, Male, No_Beard, Smiling, Straight_Hair, Young"
00474fa010_940519.jpg,"Bags_Under_Eyes, Big_Nose, Male, No_Beard, Wearing_Necktie"
00475fa010_940519.jpg,"Bags_Under_Eyes, High_Cheekbones, Male, No_Beard, Smiling, Young"
00476fa010_940519.jpg,"Bags_Under_Eyes, Big_Nose, Male, Mouth_Slightly_Open, No_Beard, Smiling, Young"
00477fa010_940519.jpg,"Bags_Under_Eyes, Big_Nose, Male, No_Beard, Wearing_Necktie"
00478fa010_940519.jpg,"Big_Nose, High_Cheekbones, Male, No_Beard, Smiling"
00479fa010_940519.jpg,"Attractive, Bags_Under_Eyes, Brown_Hair, No_Beard, Oval_Face, Wavy_Hair, Young"
00480fb010_940519.jpg,"Attractive, Bags_Under_Eyes, Bangs, Brown_Hair, High_Cheekbones, No_Beard, Smiling, Wavy_Hair, Wearing_Lipstick, Young"
00481fb010_940519.jpg,"Arched_Eyebrows, Attractive, Brown_Hair, No_Beard, Pale_Skin, Wavy_Hair, Wearing_Lipstick, Young"
00482fa010_940519.jpg,"Attractive, Black_Hair, Heavy_Makeup, No_Beard, Straight_Hair, Wearing_Lipstick, Young"
00483fa010_940519.jpg,"Attractive, Bags_Under_Eyes, Brown_Hair, Male, No_Beard"
00484fa010_940519.jpg,"Bags_Under_Eyes, Big_Nose, Chubby, Double_Chin, Male, Receding_Hairline, Sideburns, Wearing_Necktie"
00485fb010_940519.jpg,"Bags_Under_Eyes, Brown_Hair, High_Cheekbones, No_Beard, Smiling, Wavy_Hair, Wearing_Lipstick"
00486fa010_940519.jpg,"Bags_Under_Eyes, Big_Nose, Chubby, Double_Chin, High_Cheekbones, Male, Mouth_Slightly_Open, Smiling, Wearing_Necktie"
00487fb010_940519.jpg,"Attractive, Bags_Under_Eyes, Brown_Hair, High_Cheekbones, No_Beard, Smiling, Wavy_Hair, Wearing_Lipstick"
00488fa010_940519.jpg,"Bags_Under_Eyes, Big_Nose, Black_Hair, Chubby, High_Cheekbones, Male, Mouth_Slightly_Open, No_Beard, Smiling, Wearing_Necktie"
00489fb010_940519.jpg,"5_o_Clock_Shadow, High_Cheekbones, Male, Mouth_Slightly_Open, Sideburns, Smiling, Young"
00490fa010_940519.jpg,"5_o_Clock_Shadow, Bags_Under_Eyes, Big_Nose, Black_Hair, Bushy_Eyebrows, Male, Young"
00491fa010_940519.jpg,"5_o_Clock_Shadow, Bags_Under_Eyes, Big_Nose, Chubby, Double_Chin, High_Cheekbones, Male, Mouth_Slightly_Open, Smiling, Young"
00492fb010_940519.jpg,"Bags_Under_Eyes, Big_Nose, Gray_Hair, High_Cheekbones, Male, Mouth_Slightly_Open, No_Beard, Smiling, Wavy_Hair"
00493fa010_940519.jpg,"5_o_Clock_Shadow, Bags_Under_Eyes, Big_Nose, Black_Hair, High_Cheekbones, Male, Mouth_Slightly_Open, No_Beard, Smiling, Young"
00494fb010_940519.jpg,"5_o_Clock_Shadow, Bags_Under_Eyes, Big_Nose, Goatee, Male, Sideburns, Young"
00495fa010_940519.jpg,"Attractive, Bags_Under_Eyes, Big_Nose, High_Cheekbones, Male, Mouth_Slightly_Open, No_Beard, Smiling, Wavy_Hair"
00496fb010_940519.jpg,"Bags_Under_Eyes, Big_Nose, Chubby, Double_Chin, High_Cheekbones, Male, Mouth_Slightly_Open, No_Beard, Smiling, Wearing_Necktie"
00497fa010_940519.jpg,"Bags_Under_Eyes, Bald, Big_Nose, Chubby, Double_Chin, High_Cheekbones, Male, No_Beard, Smiling, Wearing_Necktie"
00498fa010_940519.jpg,"Attractive, Bags_Under_Eyes, Bangs, Big_Nose, Mouth_Slightly_Open, No_Beard, Smiling, Wavy_Hair, Young"
00499fa010_940519.jpg,"Bags_Under_Eyes, Big_Nose, Chubby, Double_Chin, High_Cheekbones, Male, Smiling, Straight_Hair, Wearing_Necktie"
00500fa010_940519.jpg,"Bags_Under_Eyes, Big_Nose, High_Cheekbones, Male, Mouth_Slightly_Open, No_Beard, Smiling, Wavy_Hair"
00501fa010_940519.jpg,"5_o_Clock_Shadow, Attractive, Bags_Under_Eyes, Big_Nose, Black_Hair, Bushy_Eyebrows, High_Cheekbones, Male, Mouth_Slightly_Open, Smiling, Young"
00502fa010_940519.jpg,"Bags_Under_Eyes, Big_Nose, Male, No_Beard, Wearing_Necktie"
00503fa010_940519.jpg,"Bags_Under_Eyes, Bald, Big_Nose, Chubby, Double_Chin, High_Cheekbones, Male, Mouth_Slightly_Open, No_Beard, Smiling, Wearing_Necktie"
00504fb010_940519.jpg,"Bags_Under_Eyes, Big_Nose, Brown_Hair, Chubby, Goatee, Male, Sideburns, Wavy_Hair"
00505fa010_940519.jpg,"No_Beard, Wavy_Hair, Young"
00506fa010_940519.jpg,"Attractive, Bangs, Heavy_Makeup, High_Cheekbones, No_Beard, Oval_Face, Smiling, Wavy_Hair, Wearing_Lipstick, Young"
00507fa010_940519.jpg,"Bags_Under_Eyes, Big_Nose, High_Cheekbones, Male, No_Beard, Smiling, Wavy_Hair"
00508fa010_940519.jpg,"Bags_Under_Eyes, Big_Nose, High_Cheekbones, Male, Smiling, Wearing_Necktie"
00509fa010_940519.jpg,"Bags_Under_Eyes, Big_Nose, Male, No_Beard"
00510fa010_940519.jpg,"Bags_Under_Eyes, Bangs, High_Cheekbones, Male, Mouth_Slightly_Open, No_Beard, Smiling, Young"
00511fb010_940519.jpg,"Bags_Under_Eyes, Big_Nose, Gray_Hair, Male, No_Beard, Wearing_Necktie"
00512fa010_940519.jpg,"Black_Hair, Bushy_Eyebrows, Male, No_Beard, Straight_Hair, Young"
00513fb010_940519.jpg,"Bags_Under_Eyes, Big_Nose, High_Cheekbones, Male, Mouth_Slightly_Open, No_Beard, Smiling"
00514fa010_940519.jpg,"Bags_Under_Eyes, Big_Nose, Male, No_Beard, Wearing_Necktie"
00515fa010_940519.jpg,"5_o_Clock_Shadow, Black_Hair, Male, Young"
00516fa010_940519.jpg,"Bags_Under_Eyes, Big_Nose, Black_Hair, Male, No_Beard, Smiling, Straight_Hair, Young"
00517fb010_940519.jpg,"Bags_Under_Eyes, Big_Nose, Double_Chin, Gray_Hair, High_Cheekbones, Male, No_Beard, Receding_Hairline, Smiling"
00518fa010_940519.jpg,"Bags_Under_Eyes, Big_Nose, Male, No_Beard, Straight_Hair"
00519fa010_940519.jpg,"5_o_Clock_Shadow, Bags_Under_Eyes, Big_Nose, Bushy_Eyebrows, Male, No_Beard, Straight_Hair, Young"
00520fb010_940519.jpg,"Bags_Under_Eyes, Big_Nose, Chubby, Double_Chin, Male, Straight_Hair, Wearing_Necktie"
00521fa010_940519.jpg,"5_o_Clock_Shadow, Bags_Under_Eyes, Big_Nose, Black_Hair, Bushy_Eyebrows, Male, Straight_Hair, Young"
00522fb010_940519.jpg,"Bags_Under_Eyes, Big_Nose, Bushy_Eyebrows, Chubby, Double_Chin, Male, Wearing_Necktie"
00523fb010_940519.jpg,"5_o_Clock_Shadow, Bags_Under_Eyes, Big_Nose, Black_Hair, Bushy_Eyebrows, Male, Mouth_Slightly_Open, No_Beard, Smiling, Straight_Hair, Young"
00524fa010_940519.jpg,"Bags_Under_Eyes, Bald, Big_Nose, Double_Chin, Male, No_Beard"
00525fa010_940519.jpg,"Bags_Under_Eyes, Bangs, Big_Nose, High_Cheekbones, Male, Mouth_Slightly_Open, No_Beard, Smiling, Wavy_Hair"
00526fa010_940519.jpg,"5_o_Clock_Shadow, Attractive, Bags_Under_Eyes, Big_Nose, Male, No_Beard, Young"
00527fa010_940519.jpg,"Attractive, Bags_Under_Eyes, Male, No_Beard, Young"
00528fb010_940519.jpg,"5_o_Clock_Shadow, Bags_Under_Eyes, Big_Nose, Male, No_Beard, Smiling, Young"
00529fa010_940519.jpg,"Big_Lips, High_Cheekbones, Mouth_Slightly_Open, No_Beard, Oval_Face, Smiling, Wearing_Earrings, Young"
00530fb010_940519.jpg,"Bags_Under_Eyes, Bangs, Big_Nose, Black_Hair, High_Cheekbones, Male, Mouth_Slightly_Open, No_Beard, Smiling, Young"
00531fa010_940519.jpg,"Bags_Under_Eyes, Big_Nose, Chubby, Male, Mouth_Slightly_Open, No_Beard, Wearing_Necktie"
00532fa010_940519.jpg,"Attractive, Bangs, High_Cheekbones, Mouth_Slightly_Open, No_Beard, Smiling, Wearing_Lipstick, Young"
00533fa010_940519.jpg,"Bags_Under_Eyes, Big_Nose, Chubby, Double_Chin, High_Cheekbones, Male, Receding_Hairline, Smiling"
00534fa010_940519.jpg,"Bags_Under_Eyes, Big_Nose, Brown_Hair, Male, No_Beard, Wavy_Hair"
00536fa010_940519.jpg,"Attractive, Bags_Under_Eyes, Big_Nose, High_Cheekbones, Male, Mouth_Slightly_Open, No_Beard, Smiling, Young"
00537fa010_940519.jpg,"Attractive, Bags_Under_Eyes, High_Cheekbones, Mouth_Slightly_Open, No_Beard, Oval_Face, Smiling, Wavy_Hair, Young"
00538fa010_940519.jpg,"5_o_Clock_Shadow, Bags_Under_Eyes, Big_Nose, Male, No_Beard"
00539fa010_940519.jpg,"Bags_Under_Eyes, Big_Nose, Black_Hair, Male, No_Beard, Wearing_Necktie, Young"
00540fa010_940519.jpg,"Big_Nose, Mouth_Slightly_Open, No_Beard, Young"
00541fa010_940519.jpg,"Attractive, High_Cheekbones, No_Beard, Smiling, Wavy_Hair, Wearing_Lipstick"
00542fa010_940519.jpg,"Bags_Under_Eyes, Big_Nose, Chubby, Double_Chin, High_Cheekbones, Male, Mouth_Slightly_Open, No_Beard, Receding_Hairline, Smiling, Wearing_Necktie"
00543fa010_940519.jpg,"Arched_Eyebrows, Big_Nose, Black_Hair, No_Beard, Wavy_Hair, Wearing_Lipstick"
00544fa010_940519.jpg,"Bags_Under_Eyes, Big_Lips, Big_Nose, Chubby, Double_Chin, High_Cheekbones, Male, Mouth_Slightly_Open, No_Beard, Oval_Face, Smiling"
00545fa010_940519.jpg,"Big_Nose, Black_Hair, Bushy_Eyebrows, Male, No_Beard, Straight_Hair, Young"
00546fa010_940519.jpg,"Bags_Under_Eyes, Big_Nose, Male, Mouth_Slightly_Open, No_Beard, Smiling"
00547fb010_940519.jpg,"Bags_Under_Eyes, Big_Nose, High_Cheekbones, Male, Mouth_Slightly_Open, No_Beard, Smiling, Young"
00548fa010_940519.jpg,"Big_Nose, Male, No_Beard, Wavy_Hair"
00549fa010_940519.jpg,"Bags_Under_Eyes, Big_Nose, Bushy_Eyebrows, Gray_Hair, High_Cheekbones, Male, Mouth_Slightly_Open, No_Beard, Oval_Face, Smiling, Wavy_Hair"
00550fa010_940519.jpg,"Bags_Under_Eyes, Big_Nose, Chubby, Double_Chin, Male, Smiling"
00551fb010_940519.jpg,"Bags_Under_Eyes, Big_Nose, Chubby, Double_Chin, Male, No_Beard"
00552fa010_940519.jpg,"Bags_Under_Eyes, Big_Nose, Chubby, Double_Chin, Male"
00553fa010_940519.jpg,"Bags_Under_Eyes, Bald, Big_Nose, Male, No_Beard, Receding_Hairline, Wearing_Necktie"
00554fa010_940519.jpg,"Male, No_Beard, Straight_Hair, Young"
00555fa010_940519.jpg,"Bangs, High_Cheekbones, Mouth_Slightly_Open, No_Beard, Smiling, Wearing_Lipstick, Young"
00556fa010_940519.jpg,"High_Cheekbones, Male, Mouth_Slightly_Open, No_Beard, Smiling, Young"
00557fa010_940519.jpg,"Attractive, Male, Mouth_Slightly_Open, No_Beard, Smiling, Young"
00558fa010_940519.jpg,"Bags_Under_Eyes, Big_Lips, Big_Nose, Black_Hair, Chubby, Double_Chin, Male, Mouth_Slightly_Open"
00559fa010_940519.jpg,"Attractive, Bags_Under_Eyes, Brown_Hair, High_Cheekbones, No_Beard, Wavy_Hair, Wearing_Lipstick, Young"
00560fa010_940519.jpg,"Attractive, Bags_Under_Eyes, Big_Nose, High_Cheekbones, Mouth_Slightly_Open, No_Beard, Smiling, Wavy_Hair, Wearing_Lipstick, Young"
00561fa010_940519.jpg,"5_o_Clock_Shadow, Bags_Under_Eyes, Big_Nose, Bushy_Eyebrows, Male, Mouth_Slightly_Open, Young"
00562fb010_940928.jpg,"Black_Hair, No_Beard, Young"
00563fb010_940928.jpg,"No_Beard, Young"
00564fa010_940928.jpg,"Arched_Eyebrows, Attractive, Black_Hair, No_Beard, Young"
00565fa010_940307.jpg,"Bags_Under_Eyes, Big_Nose, Bushy_Eyebrows, Male"
00566fa010_940928.jpg,"Black_Hair, Male, No_Beard, Young"
00567fa010_940928.jpg,"Male, No_Beard, Young"
00568fa010_940928.jpg,"Arched_Eyebrows, Attractive, Black_Hair, Bushy_Eyebrows, Heavy_Makeup, No_Beard, Wavy_Hair, Wearing_Lipstick, Young"
00569fa010_940928.jpg,"High_Cheekbones, Male, No_Beard, Smiling, Young"
00570fa010_940928.jpg,"Black_Hair, Male, No_Beard, Young"
00571fa010_940928.jpg,"Black_Hair, No_Beard, Wearing_Lipstick, Young"
00572fa010_940928.jpg,"Big_Nose, Chubby, Double_Chin, Male, No_Beard"
00573fa010_940928.jpg,"Male, No_Beard, Young"
00574fb010_940928.jpg,"No_Beard, Young"
00575fb010_940928.jpg,"5_o_Clock_Shadow, Attractive, Big_Nose, Black_Hair, Bushy_Eyebrows, Male, No_Beard, Young"
00576fb010_940928.jpg,"Bangs, Big_Nose, Black_Hair, Bushy_Eyebrows, Male, No_Beard, Wavy_Hair, Young"
00577fa010_940928.jpg,"Male, No_Beard, Young"
00578fa010_940928.jpg,"Male, Mouth_Slightly_Open, No_Beard, Young"
00579fb010_940928.jpg,"Arched_Eyebrows, Attractive, Big_Lips, Black_Hair, Heavy_Makeup, High_Cheekbones, Mouth_Slightly_Open, No_Beard, Smiling, Wearing_Earrings, Wearing_Lipstick, Wearing_Necklace, Young"
00580fa010_940928.jpg,"Big_Nose, Male, Young"
00581fa010_940928.jpg,"Attractive, Bangs, High_Cheekbones, No_Beard, Oval_Face, Smiling, Wearing_Lipstick, Young"
00582fa010_940928.jpg,"5_o_Clock_Shadow, Bags_Under_Eyes, Big_Nose, Black_Hair, Male, No_Beard, Young"
00583fa010_940928.jpg,"5_o_Clock_Shadow, Big_Nose, Black_Hair, Bushy_Eyebrows, Male, Young"
00584fa010_940928.jpg,"Big_Nose, Chubby, Male, No_Beard"
00585fa010_940928.jpg,"5_o_Clock_Shadow, Big_Nose, Black_Hair, Male, No_Beard, Young"
00586fa010_940928.jpg,"Big_Lips, Big_Nose, High_Cheekbones, Male, No_Beard, Young"
00587fa010_940928.jpg,"Male, No_Beard, Young"
00588fa010_940307.jpg,"Attractive, Bags_Under_Eyes, Black_Hair, Bushy_Eyebrows, Male, No_Beard, Straight_Hair, Young"
00589fa010_940928.jpg,"Attractive, Bangs, High_Cheekbones, Mouth_Slightly_Open, No_Beard, Smiling, Wearing_Lipstick, Young"
00590fa010_940928.jpg,"Big_Nose, Male, No_Beard, Smiling, Young"
00591fa010_940928.jpg,"Male, No_Beard, Young"
00592fa010_940928.jpg,"5_o_Clock_Shadow, Male, Young"
00593fb010_940928.jpg,"Male, No_Beard, Receding_Hairline, Young"
00594fa010_940928.jpg,"5_o_Clock_Shadow, Attractive, Bushy_Eyebrows, Male, Mouth_Slightly_Open, No_Beard, Smiling, Young"
00595fa010_940928.jpg,"Male, No_Beard, Young"
00596fa010_940928.jpg,"5_o_Clock_Shadow, Male, No_Beard, Young"
00597fa010_940928.jpg,"Male, No_Beard, Young"
00598fa010_940928.jpg,"Black_Hair, High_Cheekbones, Male, No_Beard, Smiling, Young"
00599fa010_940928.jpg,"Arched_Eyebrows, Bags_Under_Eyes, Big_Nose, Black_Hair, High_Cheekbones, Mouth_Slightly_Open, No_Beard, Smiling, Wavy_Hair, Wearing_Earrings, Wearing_Lipstick"
00600fa010_940928.jpg,"Attractive, Bangs, Black_Hair, No_Beard, Straight_Hair, Wearing_Lipstick, Young"
00601fb010_940928.jpg,"Big_Lips, Big_Nose, Male, Young"
00602fa010_940928.jpg,"5_o_Clock_Shadow, Attractive, Black_Hair, Male, No_Beard, Young"
00603fa010_940928.jpg,"Black_Hair, Male, No_Beard, Wearing_Necktie, Young"
00604fa010_940928.jpg,"Big_Lips, Big_Nose, Male, No_Beard, Wearing_Earrings, Young"
00605fa010_940928.jpg,"Big_Lips, Big_Nose, Black_Hair, High_Cheekbones, Mouth_Slightly_Open, No_Beard, Smiling, Young"
00606fa010_940928.jpg,"Attractive, High_Cheekbones, Mouth_Slightly_Open, No_Beard, Oval_Face, Smiling, Wearing_Lipstick, Young"
00607fb010_940928.jpg,"Bangs, No_Beard, Young"
00608fa010_940928.jpg,"Male, No_Beard, Young"
00609fa010_940928.jpg,"Arched_Eyebrows, High_Cheekbones, Mouth_Slightly_Open, No_Beard, Smiling, Wearing_Lipstick, Young"
00610fa010_940928.jpg,"Big_Lips, Big_Nose, Black_Hair, Male, No_Beard, Young"
00611fa010_940307.jpg,"Attractive, Bags_Under_Eyes, Big_Nose, Black_Hair, Bushy_Eyebrows, High_Cheekbones, Male, No_Beard, Smiling, Young"
00612fa010_940928.jpg,"5_o_Clock_Shadow, Attractive, Male, No_Beard, Smiling, Straight_Hair, Young"
00613fa010_940928.jpg,"5_o_Clock_Shadow, Big_Nose, Black_Hair, Bushy_Eyebrows, Chubby, Male, Young"
00614fa010_940928.jpg,"Attractive, Black_Hair, Male, No_Beard, Young"
00615fa010_940928.jpg,"5_o_Clock_Shadow, Black_Hair, Bushy_Eyebrows, Male, Young"
00616fa010_940928.jpg,"5_o_Clock_Shadow, Attractive, Big_Nose, Black_Hair, Bushy_Eyebrows, Male, Young"
00617fa010_940928.jpg,"5_o_Clock_Shadow, Big_Nose, Black_Hair, Bushy_Eyebrows, Male, Young"
00618fa010_940928.jpg,"5_o_Clock_Shadow, Big_Nose, Black_Hair, Male, Young"
00619fa010_940928.jpg,"Big_Lips, Big_Nose, Male, No_Beard, Young"
00620fa010_940928.jpg,"Attractive, No_Beard, Wearing_Hat, Wearing_Lipstick, Young"
00621fb010_940928.jpg,"Big_Nose, Black_Hair, Male, No_Beard, Young"
00622fa010_940928.jpg,"Big_Nose, Black_Hair, Chubby, Male, No_Beard, Wearing_Necktie, Young"
00623fa010_940928.jpg,"5_o_Clock_Shadow, Black_Hair, Male, No_Beard, Young"
00624fa010_940928.jpg,"Big_Nose, Black_Hair, High_Cheekbones, Male, Smiling, Young"
00625fa010_940928.jpg,"Black_Hair, Male, No_Beard, Young"
00626fa010_940928.jpg,"5_o_Clock_Shadow, Bags_Under_Eyes, Big_Nose, Black_Hair, Bushy_Eyebrows, Male, Young"
00627fa010_940928.jpg,"5_o_Clock_Shadow, Black_Hair, Bushy_Eyebrows, Male, Young"
00628fb010_940928.jpg,"Big_Lips, No_Beard, Young"
00629fa010_940928.jpg,"Black_Hair, Male, No_Beard, Young"
00630fa010_940928.jpg,"Male, No_Beard, Young"
00631fa010_940928.jpg,"Big_Nose, Black_Hair, Male, No_Beard, Smiling, Young"
00632fa010_940928.jpg,"Big_Nose, Black_Hair, No_Beard, Wearing_Hat, Young"
00633fa010_940928.jpg,"Big_Lips, Black_Hair, Male, No_Beard, Young"
00634fa010_940928.jpg,"High_Cheekbones, No_Beard, Smiling, Young"
00635fa010_941031.jpg,"Attractive, Black_Hair, Male, No_Beard, Young"
00636fa010_941031.jpg,"Brown_Hair, No_Beard, Wavy_Hair, Young"
00637fa010_941031.jpg,"Black_Hair, No_Beard, Wearing_Lipstick, Young"
00638fa010_941031.jpg,"Arched_Eyebrows, Attractive, Heavy_Makeup, No_Beard, Oval_Face, Straight_Hair, Wearing_Lipstick, Young"
00640fa010_941031.jpg,"Big_Nose, Black_Hair, Bushy_Eyebrows, Male, No_Beard, Young"
00641fa010_941031.jpg,"5_o_Clock_Shadow, Bags_Under_Eyes, Male, Straight_Hair, Young"
00642fa010_941031.jpg,"Bags_Under_Eyes, Big_Nose, Black_Hair, Chubby, Male, No_Beard, Straight_Hair, Wearing_Necktie"
00643fa010_941031.jpg,"Black_Hair, Male, No_Beard, Straight_Hair, Young"
00644fa010_941031.jpg,"Male, No_Beard, Young"
00645fa010_941031.jpg,"5_o_Clock_Shadow, Black_Hair, Male, No_Beard, Young"
00646fa010_941031.jpg,"Black_Hair, Male, No_Beard, Young"
00647fa010_941031.jpg,"No_Beard, Young"
00648fa010_941031.jpg,"Black_Hair, Mouth_Slightly_Open, No_Beard, Young"
00650fa010_941031.jpg,"Black_Hair, Mouth_Slightly_Open, No_Beard, Straight_Hair, Young"
00652fa010_941031.jpg,"Big_Nose, Black_Hair, Bushy_Eyebrows, Male, No_Beard, Young"
00653fa010_941031.jpg,"Male, No_Beard, Wearing_Hat, Young"
00654fb010_941031.jpg,"Black_Hair, Male, No_Beard, Young"
00655fb010_941031.jpg,"Male, No_Beard, Young"
00656fa010_941121.jpg,"Black_Hair, Male, No_Beard, Wavy_Hair, Young"
00657fa010_941121.jpg,"Bags_Under_Eyes, Big_Nose, Black_Hair, Bushy_Eyebrows, Male, No_Beard, Straight_Hair, Wearing_Necktie, Young"
00659fa010_941121.jpg,"Black_Hair, Bushy_Eyebrows, Male, No_Beard, Straight_Hair, Young"
00660fa010_941121.jpg,"5_o_Clock_Shadow, Bags_Under_Eyes, Big_Nose, Male, Mouth_Slightly_Open, No_Beard, Wearing_Necktie, Young"
00661fa010_941121.jpg,"Arched_Eyebrows, Attractive, Brown_Hair, Heavy_Makeup, No_Beard, Wavy_Hair, Wearing_Lipstick, Young"
00662fa010_941121.jpg,"Attractive, No_Beard, Wavy_Hair, Young"
00663fa010_941121.jpg,"Attractive, No_Beard, Wearing_Lipstick, Young"
00664fa010_941121.jpg,"Big_Nose, Black_Hair, Male, No_Beard, Young"
00665fa010_941121.jpg,"Bangs, Big_Nose, Black_Hair, Bushy_Eyebrows, Male, No_Beard, Smiling, Wavy_Hair, Young"
00666fa010_941121.jpg,"5_o_Clock_Shadow, Attractive, Black_Hair, Bushy_Eyebrows, Male, No_Beard, Young"
00667fa010_941121.jpg,"Attractive, Black_Hair, Bushy_Eyebrows, Male, No_Beard, Straight_Hair, Young"
00668fa010_941121.jpg,"Bags_Under_Eyes, Big_Nose, Black_Hair, Bushy_Eyebrows, Male, No_Beard, Straight_Hair, Young"
00669fa010_940307.jpg,"Bags_Under_Eyes, Big_Nose, High_Cheekbones, Male, No_Beard, Smiling, Young"
00670fa010_941121.jpg,"Attractive, Brown_Hair, High_Cheekbones, Mouth_Slightly_Open, No_Beard, Smiling, Straight_Hair, Wearing_Lipstick, Young"
00671fa010_941121.jpg,"5_o_Clock_Shadow, Bags_Under_Eyes, Big_Nose, Male, Young"
00672fa010_941121.jpg,"Big_Nose, Black_Hair, Bushy_Eyebrows, Chubby, Male, Sideburns, Wearing_Necktie"
00673fa010_941121.jpg,"Bags_Under_Eyes, Big_Nose, Black_Hair, Bushy_Eyebrows, Male, No_Beard, Straight_Hair, Young"
00674fa010_941121.jpg,"Big_Nose, Bushy_Eyebrows, Male, Sideburns, Wavy_Hair, Young"
00675fa010_941121.jpg,"Black_Hair, No_Beard, Straight_Hair, Young"
00676fa010_941121.jpg,"Arched_Eyebrows, Black_Hair, No_Beard, Wearing_Lipstick, Young"
00677fa010_941121.jpg,"Bags_Under_Eyes, Big_Nose, Bushy_Eyebrows, Chubby, Double_Chin, High_Cheekbones, Male, Mouth_Slightly_Open, Oval_Face, Smiling, Young"
00678fa010_941121.jpg,"Bags_Under_Eyes, Big_Nose, Male, Young"
00679fa010_941121.jpg,"Black_Hair, Male, No_Beard, Young"
00680fa010_941121.jpg,"5_o_Clock_Shadow, Bags_Under_Eyes, Big_Nose, Black_Hair, Bushy_Eyebrows, Male, No_Beard, Young"
00681fa010_941121.jpg,"Arched_Eyebrows, Black_Hair, Bushy_Eyebrows, No_Beard, Young"
00682fa010_941121.jpg,"Attractive, Brown_Hair, No_Beard, Young"
00683fa010_941121.jpg,"5_o_Clock_Shadow, Bags_Under_Eyes, Big_Nose, Black_Hair, Bushy_Eyebrows, Male, No_Beard, Straight_Hair, Young"
00684fa010_941121.jpg,"Black_Hair, Male, No_Beard, Young"
00685fa010_941121.jpg,"Male, No_Beard, Young"
00686fb010_941121.jpg,"5_o_Clock_Shadow, Bags_Under_Eyes, Big_Nose, Black_Hair, Bushy_Eyebrows, Male, Young"
00687fa010_941121.jpg,"Bags_Under_Eyes, Big_Nose, Black_Hair, Bushy_Eyebrows, High_Cheekbones, Male, Mouth_Slightly_Open, No_Beard, Smiling, Young"
00688fa010_941121.jpg,"5_o_Clock_Shadow, Bags_Under_Eyes, Big_Nose, Black_Hair, Bushy_Eyebrows, Male, Young"
00689fa010_941121.jpg,"Bangs, No_Beard, Wearing_Lipstick, Young"
00690fa010_941121.jpg,"Black_Hair, Male, No_Beard, Young"
00691fa010_941121.jpg,"5_o_Clock_Shadow, Attractive, Black_Hair, Bushy_Eyebrows, Male, Straight_Hair, Young"
00692fa010_941121.jpg,"Big_Lips, Big_Nose, High_Cheekbones, Male, No_Beard, Oval_Face, Young"
00693fa010_941121.jpg,"Bags_Under_Eyes, Big_Nose, Chubby, Male, No_Beard, Young"
00694fa010_941121.jpg,"Attractive, Brown_Hair, No_Beard, Young"
00695fb010_941121.jpg,"5_o_Clock_Shadow, Attractive, Male, Young"
00697fa010_941121.jpg,"5_o_Clock_Shadow, Black_Hair, Bushy_Eyebrows, Male, No_Beard, Young"
00698fb010_941121.jpg,"Bags_Under_Eyes, Big_Nose, Black_Hair, Chubby, Male, No_Beard, Wearing_Necktie"
00699fb010_941121.jpg,"Black_Hair, High_Cheekbones, Mouth_Slightly_Open, No_Beard, Smiling, Young"
00700fb010_941121.jpg,"Bangs, Black_Hair, No_Beard, Wavy_Hair, Wearing_Lipstick, Young"
00701fa010_941201.jpg,"5_o_Clock_Shadow, Bags_Under_Eyes, Big_Nose, Bushy_Eyebrows, Male, No_Beard, Straight_Hair, Wearing_Necktie, Young"
00703fb010_941201.jpg,"Bangs, Male, No_Beard, Straight_Hair, Young"
00704fb010_941201.jpg,"Attractive, Bags_Under_Eyes, Brown_Hair, High_Cheekbones, Mouth_Slightly_Open, No_Beard, Smiling, Wavy_Hair"
00705fa010_941201.jpg,"Big_Nose, Black_Hair, Male, No_Beard, Young"
00706fa010_941201.jpg,"Bags_Under_Eyes, Big_Nose, High_Cheekbones, Male, Mouth_Slightly_Open, No_Beard, Smiling, Young"
00707fa010_941201.jpg,"Bags_Under_Eyes, Big_Nose, Double_Chin, High_Cheekbones, Male, Mouth_Slightly_Open, No_Beard, Smiling, Young"
00708fa010_941201.jpg,"5_o_Clock_Shadow, Bags_Under_Eyes, Big_Nose, Chubby, Double_Chin, High_Cheekbones, Male, Mouth_Slightly_Open, No_Beard, Smiling, Young"
00709fa010_941201.jpg,"Attractive, Bags_Under_Eyes, Big_Nose, High_Cheekbones, Male, No_Beard, Smiling, Wavy_Hair, Young"
00710fa010_941201.jpg,"Bags_Under_Eyes, Big_Nose, High_Cheekbones, Male, Mouth_Slightly_Open, No_Beard, Smiling, Young"
00711fa010_941201.jpg,"Bags_Under_Eyes, Big_Nose, Bushy_Eyebrows, Chubby, High_Cheekbones, Male, Smiling, Young"
00712fb010_941201.jpg,"Bags_Under_Eyes, Big_Nose, Black_Hair, Chubby, Double_Chin, High_Cheekbones, Male, Mouth_Slightly_Open, No_Beard, Smiling, Straight_Hair, Wearing_Necktie"
00713fa010_941201.jpg,"Bags_Under_Eyes, Big_Nose, Chubby, Double_Chin, Gray_Hair, High_Cheekbones, Male, Mouth_Slightly_Open, No_Beard, Smiling"
00714fa010_941201.jpg,"Bags_Under_Eyes, Big_Nose, Gray_Hair, High_Cheekbones, Male, Mouth_Slightly_Open, No_Beard, Smiling"
00715fa010_941201.jpg,"5_o_Clock_Shadow, Bags_Under_Eyes, Big_Nose, Black_Hair, Bushy_Eyebrows, High_Cheekbones, Male, Mouth_Slightly_Open, No_Beard, Smiling, Young"
00716fa010_941201.jpg,"5_o_Clock_Shadow, Bags_Under_Eyes, Big_Nose, Male, Young"
00717fa010_941201.jpg,"Bags_Under_Eyes, Big_Nose, Chubby, Double_Chin, High_Cheekbones, Male, Mouth_Slightly_Open, No_Beard, Smiling, Young"
00718fa010_941201.jpg,"Bags_Under_Eyes, Big_Nose, Chubby, Male, Smiling, Young"
00719fa010_941201.jpg,"Bags_Under_Eyes, Male, No_Beard, Smiling, Wavy_Hair, Young"
00720fa010_941201.jpg,"Bags_Under_Eyes, Big_Lips, Big_Nose, Black_Hair, High_Cheekbones, Mouth_Slightly_Open, No_Beard, Smiling, Wearing_Earrings, Young"
00721fa010_941201.jpg,"5_o_Clock_Shadow, Bags_Under_Eyes, Big_Nose, Bushy_Eyebrows, Male, Sideburns, Young"
00722fa010_941201.jpg,"5_o_Clock_Shadow, Bags_Under_Eyes, Big_Nose, Black_Hair, Bushy_Eyebrows, Male, No_Beard, Young"
00723fa010_941201.jpg,"Bags_Under_Eyes, Big_Nose, High_Cheekbones, Male, Mouth_Slightly_Open, No_Beard, Smiling, Wavy_Hair, Young"
00724fa010_941201.jpg,"Bags_Under_Eyes, Big_Nose, Bushy_Eyebrows, Chubby, Male, No_Beard, Young"
00725fa010_941201.jpg,"Attractive, Bangs, Blond_Hair, Heavy_Makeup, High_Cheekbones, Mouth_Slightly_Open, No_Beard, Smiling, Wavy_Hair, Wearing_Lipstick, Young"
00726fa010_941201.jpg,"Bags_Under_Eyes, Big_Nose, Chubby, Double_Chin, High_Cheekbones, Male, Mouth_Slightly_Open, No_Beard, Smiling"
00727fa010_941201.jpg,"Attractive, Brown_Hair, No_Beard, Oval_Face, Young"
00728fa010_941201.jpg,"5_o_Clock_Shadow, Attractive, Bags_Under_Eyes, Big_Nose, High_Cheekbones, Male, Mouth_Slightly_Open, No_Beard, Smiling, Wavy_Hair, Young"
00729fa010_941201.jpg,"5_o_Clock_Shadow, Bags_Under_Eyes, Big_Nose, Black_Hair, Bushy_Eyebrows, High_Cheekbones, Male, Smiling, Young"
00730fb010_941201.jpg,"Attractive, Bags_Under_Eyes, Male, No_Beard, Smiling, Wavy_Hair, Young"
00731fb010_941201.jpg,"High_Cheekbones, No_Beard, Oval_Face, Smiling, Young"
00732fa010_941201.jpg,"5_o_Clock_Shadow, Bags_Under_Eyes, Black_Hair, Bushy_Eyebrows, Male, No_Beard, Smiling, Straight_Hair, Young"
00733fa010_941201.jpg,"5_o_Clock_Shadow, Bags_Under_Eyes, Big_Nose, Black_Hair, Bushy_Eyebrows, Chubby, High_Cheekbones, Male, Sideburns, Smiling, Straight_Hair, Wearing_Necktie"
00734fa010_941201.jpg,"Attractive, Bags_Under_Eyes, Black_Hair, Bushy_Eyebrows, Male, No_Beard, Straight_Hair, Wearing_Necktie, Young"
00735fa010_941201.jpg,"Bags_Under_Eyes, Big_Nose, Double_Chin, Gray_Hair, High_Cheekbones, Male, Mouth_Slightly_Open, No_Beard, Smiling"
00736fa010_941201.jpg,"Bags_Under_Eyes, Big_Nose, Chubby, Double_Chin, High_Cheekbones, Male, No_Beard, Smiling, Wearing_Necktie"
00737fa010_941201.jpg,"Black_Hair, Bushy_Eyebrows, Male, No_Beard, Straight_Hair, Young"
00738fa010_941201.jpg,"Bags_Under_Eyes, Big_Nose, Chubby, Double_Chin, Male, Mouth_Slightly_Open, No_Beard"
00739fa010_941201.jpg,"Bags_Under_Eyes, Big_Nose, Chubby, Gray_Hair, Male, No_Beard, Smiling, Wearing_Necktie"
00740fa010_941201.jpg,"Black_Hair, Male, No_Beard, Straight_Hair, Young"
00741fa010_941201.jpg,"Male, No_Beard, Young"
00742fa010_941201.jpg,"Attractive, Bags_Under_Eyes, Brown_Hair, Male, No_Beard, Smiling, Wavy_Hair, Young"
00743fa010_941201.jpg,"Bags_Under_Eyes, Big_Nose, Black_Hair, Bushy_Eyebrows, Male, Mouth_Slightly_Open, No_Beard, Smiling, Young"
00744fa010_941201.jpg,"Bags_Under_Eyes, Big_Nose, High_Cheekbones, Male, No_Beard, Smiling, Wearing_Necktie"
00745fb010_941201.jpg,"Bags_Under_Eyes, Bangs, Male, No_Beard"
00746fa010_941201.jpg,"Bags_Under_Eyes, Big_Nose, Chubby, Double_Chin, High_Cheekbones, Male, Mouth_Slightly_Open, Oval_Face, Receding_Hairline, Smiling, Young"
00747fb010_941201.jpg,"5_o_Clock_Shadow, Bags_Under_Eyes, Bushy_Eyebrows, Male, No_Beard, Straight_Hair, Young"
00749fb010_941201.jpg,"5_o_Clock_Shadow, Bags_Under_Eyes, Big_Nose, Bushy_Eyebrows, Male, Mouth_Slightly_Open, No_Beard, Young"
00750fa010_941201.jpg,"5_o_Clock_Shadow, Bags_Under_Eyes, Bushy_Eyebrows, Male, Young"
00751fa010_941201.jpg,"5_o_Clock_Shadow, Bags_Under_Eyes, Big_Nose, Black_Hair, Bushy_Eyebrows, Male, Young"
00752fa010_941201.jpg,"Attractive, Bags_Under_Eyes, Black_Hair, Bushy_Eyebrows, Male, No_Beard, Straight_Hair, Young"
00753fa010_941201.jpg,"Bags_Under_Eyes, Big_Nose, Black_Hair, Bushy_Eyebrows, Male, No_Beard, Straight_Hair, Wearing_Necktie, Young"
00754fa010_941201.jpg,"Bags_Under_Eyes, Male, No_Beard, Straight_Hair, Wearing_Necktie"
00755fa010_941201.jpg,"5_o_Clock_Shadow, Bags_Under_Eyes, Big_Nose, Brown_Hair, Bushy_Eyebrows, Chubby, Male, Sideburns, Smiling"
00756fa010_941201.jpg,"5_o_Clock_Shadow, Bags_Under_Eyes, Brown_Hair, Male, No_Beard"
00757fa010_941201.jpg,"5_o_Clock_Shadow, Bags_Under_Eyes, Big_Nose, Male, No_Beard, Straight_Hair, Young"
00758fb010_941201.jpg,"Bags_Under_Eyes, Big_Nose, Male, Mouth_Slightly_Open, No_Beard, Smiling, Young"
00760fa010_941201.jpg,"Bags_Under_Eyes, Big_Nose, Male, No_Beard"
00761fa010_941201.jpg,"Bags_Under_Eyes, Big_Nose, Bushy_Eyebrows, Male, No_Beard, Straight_Hair, Young"
00762fa010_941201.jpg,"Male, No_Beard, Oval_Face, Smiling, Wavy_Hair, Young"
00763fb010_941201.jpg,"Bags_Under_Eyes, Black_Hair, Bushy_Eyebrows, Male, Young"
00764fa010_941201.jpg,"Bags_Under_Eyes, Big_Nose, Male, Mouth_Slightly_Open, No_Beard, Smiling, Young"
00765fb010_941201.jpg,"Bags_Under_Eyes, High_Cheekbones, Male, No_Beard, Smiling, Young"
00766fa010_941201.jpg,"5_o_Clock_Shadow, Attractive, Bags_Under_Eyes, Big_Nose, Black_Hair, Bushy_Eyebrows, High_Cheekbones, Male, Mouth_Slightly_Open, No_Beard, Smiling, Straight_Hair, Young"
00767fa010_941201.jpg,"Bags_Under_Eyes, Big_Nose, High_Cheekbones, Male, No_Beard, Sideburns, Smiling, Wavy_Hair"
00768fa010_941201.jpg,"Bags_Under_Eyes, Big_Nose, Male, No_Beard"
00769fa010_941201.jpg,"Bags_Under_Eyes, Big_Nose, High_Cheekbones, Male, Mouth_Slightly_Open, No_Beard, Smiling, Young"
00770fa010_941201.jpg,"Bags_Under_Eyes, Big_Nose, High_Cheekbones, Male, Sideburns, Smiling, Wavy_Hair"
00771fa010_941201.jpg,"Attractive, Bags_Under_Eyes, Big_Nose, Black_Hair, Bushy_Eyebrows, High_Cheekbones, Male, Mouth_Slightly_Open, No_Beard, Smiling, Straight_Hair, Young"
00772fb010_941201.jpg,"5_o_Clock_Shadow, Bags_Under_Eyes, Big_Nose, Male, No_Beard, Young"
00773fa010_941201.jpg,"Attractive, Bags_Under_Eyes, Black_Hair, Bushy_Eyebrows, Male, No_Beard, Straight_Hair, Young"
00774fa010_941201.jpg,"Attractive, Bags_Under_Eyes, Male, No_Beard, Young"
00775fa010_941205.jpg,"Male, No_Beard, Young"
00776fa010_941205.jpg,"5_o_Clock_Shadow, Bags_Under_Eyes, Big_Nose, Bushy_Eyebrows, Male, Smiling, Young"
00777fa010_941205.jpg,"Bags_Under_Eyes, Bald, Big_Nose, Chubby, Double_Chin, Male, Receding_Hairline"
00778fb010_941205.jpg,"5_o_Clock_Shadow, Black_Hair, Bushy_Eyebrows, Male, Young"
00779fa010_941205.jpg,"Bangs, High_Cheekbones, Mouth_Slightly_Open, No_Beard, Smiling, Wavy_Hair, Wearing_Lipstick, Young"
00780fb010_941205.jpg,"Bags_Under_Eyes, Big_Nose, Black_Hair, Bushy_Eyebrows, High_Cheekbones, Male, Mouth_Slightly_Open, No_Beard, Smiling, Young"
00781fb010_941205.jpg,"Attractive, Bags_Under_Eyes, Brown_Hair, High_Cheekbones, Male, No_Beard, Oval_Face, Smiling, Wavy_Hair, Young"
00782fa010_941205.jpg,"High_Cheekbones, Male, No_Beard, Oval_Face, Smiling, Wavy_Hair, Young"
00783fa010_941205.jpg,"Bags_Under_Eyes, Big_Nose, Male, No_Beard, Wearing_Necktie"
00784fb010_941205.jpg,"Bags_Under_Eyes, Big_Nose, Black_Hair, Bushy_Eyebrows, High_Cheekbones, Male, Mouth_Slightly_Open, No_Beard, Smiling, Straight_Hair, Young"
00785fa010_941205.jpg,"Bags_Under_Eyes, Male, No_Beard, Young"
00786fa010_941205.jpg,"Big_Nose, Chubby, Male, No_Beard, Young"
00787fa010_941205.jpg,"Big_Nose, Black_Hair, Male, No_Beard, Straight_Hair, Young"
00788fa010_941205.jpg,"Attractive, Bangs, Brown_Hair, Male, No_Beard, Young"
00789fa010_941205.jpg,"Attractive, Bangs, No_Beard, Wearing_Lipstick, Young"
00790fa010_941205.jpg,"Bags_Under_Eyes, Big_Nose, Male, Mouth_Slightly_Open, No_Beard, Smiling, Straight_Hair, Young"
00791fa010_941205.jpg,"Attractive, Bags_Under_Eyes, Brown_Hair, Male, No_Beard, Wavy_Hair, Young"
00792fa010_941205.jpg,"Bags_Under_Eyes, Big_Nose, High_Cheekbones, Male, Mouth_Slightly_Open, No_Beard, Smiling"
00793fa010_941205.jpg,"Bags_Under_Eyes, Big_Nose, Black_Hair, Chubby, Double_Chin, Male, Mouth_Slightly_Open, No_Beard"
00794fa010_941205.jpg,"Bags_Under_Eyes, Male, Mouth_Slightly_Open, No_Beard, Smiling, Straight_Hair, Young"
00795fa010_941205.jpg,"Bags_Under_Eyes, Big_Nose, Black_Hair, Bushy_Eyebrows, Male, No_Beard, Straight_Hair, Young"
00796fa010_941205.jpg,"Bushy_Eyebrows, Male, No_Beard, Young"
00797fa010_941205.jpg,"Bags_Under_Eyes, Big_Nose, Black_Hair, Bushy_Eyebrows, High_Cheekbones, Male, Mouth_Slightly_Open, No_Beard, Smiling, Young"
00798fa010_941205.jpg,"5_o_Clock_Shadow, Attractive, Bags_Under_Eyes, Bushy_Eyebrows, Male, Straight_Hair, Young"
00799fa010_941205.jpg,"Male, No_Beard, Straight_Hair, Young"
00800fb010_941205.jpg,"5_o_Clock_Shadow, Bags_Under_Eyes, Big_Nose, Black_Hair, Bushy_Eyebrows, Male, No_Beard, Straight_Hair, Young"
00801fa010_941205.jpg,"Bags_Under_Eyes, Big_Lips, Big_Nose, Black_Hair, High_Cheekbones, Male, Mouth_Slightly_Open, No_Beard, Receding_Hairline, Young"
00802fa010_941205.jpg,"Bags_Under_Eyes, Big_Nose, Chubby, Gray_Hair, Male, No_Beard"
00803fa010_941205.jpg,"5_o_Clock_Shadow, Bags_Under_Eyes, Big_Nose, Bushy_Eyebrows, Male, No_Beard, Smiling, Straight_Hair, Young"
00804fb010_941205.jpg,"Attractive, Bags_Under_Eyes, Brown_Hair, High_Cheekbones, Mouth_Slightly_Open, No_Beard, Oval_Face, Smiling, Wavy_Hair, Wearing_Lipstick, Young"
00805fa010_941205.jpg,"5_o_Clock_Shadow, Bags_Under_Eyes, Big_Nose, Male, Mouth_Slightly_Open, No_Beard, Smiling, Wavy_Hair, Young"
00806fa010_941205.jpg,"5_o_Clock_Shadow, Bags_Under_Eyes, Big_Nose, Black_Hair, Bushy_Eyebrows, Goatee, Male, Sideburns, Young"
00807fa010_941205.jpg,"5_o_Clock_Shadow, Bags_Under_Eyes, Big_Nose, Male, Sideburns, Straight_Hair, Young"
00809fa010_941205.jpg,"Bags_Under_Eyes, Black_Hair, Male, No_Beard, Straight_Hair, Wearing_Necktie, Young"
00810fa010_941205.jpg,"Bags_Under_Eyes, Big_Nose, Black_Hair, Male, No_Beard, Young"
00811fb010_941205.jpg,"5_o_Clock_Shadow, Bags_Under_Eyes, Big_Nose, Chubby, Male, Sideburns, Young"
00812fa010_941205.jpg,"Bags_Under_Eyes, Big_Nose, Black_Hair, Male, No_Beard, Young"
00813fa010_941205.jpg,"5_o_Clock_Shadow, Bags_Under_Eyes, Big_Nose, Black_Hair, Bushy_Eyebrows, Male, Young"
00814fa010_941205.jpg,"Bags_Under_Eyes, Big_Lips, Big_Nose, Chubby, Double_Chin, Goatee, High_Cheekbones, Male, Mouth_Slightly_Open, Smiling"
00815fa010_941205.jpg,"Bangs, Brown_Hair, Male, No_Beard, Young"
00816fa010_941205.jpg,"Bags_Under_Eyes, Big_Nose, Black_Hair, Bushy_Eyebrows, Male, Mouth_Slightly_Open, No_Beard, Straight_Hair, Young"
00817fa010_941205.jpg,"5_o_Clock_Shadow, Bushy_Eyebrows, Male, No_Beard, Young"
00818fa010_940307.jpg,"Attractive, Brown_Hair, High_Cheekbones, Mouth_Slightly_Open, No_Beard, Smiling, Wavy_Hair, Wearing_Lipstick, Young"
00819fa010_940307.jpg,"5_o_Clock_Shadow, Attractive, Bags_Under_Eyes, Brown_Hair, High_Cheekbones, Male, No_Beard, Smiling, Young"
00820fa010_940307.jpg,"Bags_Under_Eyes, Big_Nose, Black_Hair, Bushy_Eyebrows, Male, No_Beard, Young"
00821fa010_940307.jpg,"5_o_Clock_Shadow, Attractive, Bushy_Eyebrows, Male, No_Beard, Smiling, Young"
00822fa010_940307.jpg,"Bags_Under_Eyes, Bald, Big_Nose, Bushy_Eyebrows, Male"
00823fa010_940307.jpg,"Black_Hair, Bushy_Eyebrows, Male, No_Beard, Young"
00824fb010_940307.jpg,"Attractive, Brown_Hair, Male, No_Beard, Young"
00825fa010_940307.jpg,"Attractive, Bags_Under_Eyes, High_Cheekbones, Male, No_Beard, Smiling, Straight_Hair, Young"
00826fa010_940307.jpg,"Attractive, Bags_Under_Eyes, Big_Nose, Bushy_Eyebrows, Male, No_Beard, Young"
00827fa010_940307.jpg,"Attractive, Brown_Hair, No_Beard, Wearing_Lipstick, Young"
00828fa010_940307.jpg,"Bags_Under_Eyes, Big_Nose, Black_Hair, Bushy_Eyebrows, High_Cheekbones, Male, No_Beard, Smiling, Young"
00829fa010_940307.jpg,"Bags_Under_Eyes, Big_Nose, Black_Hair, Bushy_Eyebrows, Male, No_Beard, Young"
00830fa010_940307.jpg,"5_o_Clock_Shadow, Bags_Under_Eyes, Big_Nose, Bushy_Eyebrows, Male, No_Beard, Young"
00831fa010_940307.jpg,"Attractive, Bangs, Blond_Hair, No_Beard, Wavy_Hair, Wearing_Lipstick, Young"
00833fb010_940307.jpg,"Male, No_Beard, Young"
00834fb010_940307.jpg,"Bags_Under_Eyes, Big_Nose, Black_Hair, Bushy_Eyebrows, Male, No_Beard, Straight_Hair, Young"
00835fa010_940307.jpg,"5_o_Clock_Shadow, Bags_Under_Eyes, Big_Nose, Black_Hair, Bushy_Eyebrows, Male, No_Beard, Young"
00836fa010_940307.jpg,"5_o_Clock_Shadow, Attractive, Bags_Under_Eyes, Big_Nose, Black_Hair, Bushy_Eyebrows, Male, No_Beard, Smiling, Straight_Hair, Young"
00837fb010_940307.jpg,"Big_Nose, Male, No_Beard, Young"
00838fa010_940307.jpg,"Bags_Under_Eyes, Male, No_Beard, Young"
00839fb010_940307.jpg,"5_o_Clock_Shadow, Attractive, Bags_Under_Eyes, Big_Nose, Bushy_Eyebrows, High_Cheekbones, Male, Smiling, Young"
00840fb010_940307.jpg,"Attractive, Bangs, Brown_Hair, No_Beard, Young"
00841fa010_940307.jpg,"Bags_Under_Eyes, Big_Nose, Black_Hair, Bushy_Eyebrows, High_Cheekbones, Male, No_Beard, Smiling, Straight_Hair, Young"
00842fb010_940307.jpg,"Attractive, Black_Hair, Bushy_Eyebrows, Heavy_Makeup, High_Cheekbones, No_Beard, Oval_Face, Wavy_Hair, Wearing_Lipstick, Young"
00844fa010_940307.jpg,"Attractive, Black_Hair, Bushy_Eyebrows, Male, No_Beard, Straight_Hair, Young"
00845fa010_940307.jpg,"5_o_Clock_Shadow, Attractive, Bags_Under_Eyes, Bushy_Eyebrows, Male, No_Beard, Young"
00846fa010_940307.jpg,"Bags_Under_Eyes, Big_Nose, Gray_Hair, High_Cheekbones, Male, No_Beard, Smiling"
00847fa010_940307.jpg,"Attractive, Black_Hair, Bushy_Eyebrows, Male, No_Beard, Young"
00848fa010_940307.jpg,"Arched_Eyebrows, Attractive, Brown_Hair, Heavy_Makeup, High_Cheekbones, Mouth_Slightly_Open, No_Beard, Smiling, Wavy_Hair, Wearing_Lipstick, Young"
00850fb010_940307.jpg,"Brown_Hair, No_Beard, Wavy_Hair, Young"
00851fa010_940307.jpg,"Arched_Eyebrows, Attractive, Bags_Under_Eyes, Bangs, Big_Nose, Black_Hair, Bushy_Eyebrows, High_Cheekbones, Male, No_Beard, Smiling, Wavy_Hair, Wearing_Lipstick, Young"
00852fa010_940307.jpg,"Bags_Under_Eyes, Big_Nose, Black_Hair, Bushy_Eyebrows, Male, No_Beard, Straight_Hair, Wearing_Necktie, Young"
00853fa010_940307.jpg,"5_o_Clock_Shadow, Bags_Under_Eyes, Bushy_Eyebrows, Male, Mouth_Slightly_Open, No_Beard, Smiling, Straight_Hair, Young"
00854fa010_940307.jpg,"Bags_Under_Eyes, Big_Nose, Chubby, Male, Young"
00855fa010_940307.jpg,"5_o_Clock_Shadow, Attractive, Big_Nose, Black_Hair, Bushy_Eyebrows, High_Cheekbones, Male, Mouth_Slightly_Open, No_Beard, Smiling, Straight_Hair, Young"
00856fa010_940307.jpg,"Bags_Under_Eyes, Big_Nose, Black_Hair, High_Cheekbones, Male, No_Beard, Young"
00857fa010_940307.jpg,"Big_Lips, Big_Nose, High_Cheekbones, Male, Mouth_Slightly_Open, No_Beard, Smiling, Young"
00858fa010_940307.jpg,"Arched_Eyebrows, Attractive, Brown_Hair, Heavy_Makeup, High_Cheekbones, Mouth_Slightly_Open, No_Beard, Smiling, Wearing_Lipstick, Young"
00859fa010_940307.jpg,"Bags_Under_Eyes, Black_Hair, Male, No_Beard, Young"
00860fa010_940307.jpg,"Attractive, Bags_Under_Eyes, Bangs, Male, No_Beard, Young"
00861fb010_940307.jpg,"5_o_Clock_Shadow, Attractive, Bags_Under_Eyes, Big_Nose, Black_Hair, Bushy_Eyebrows, Male, No_Beard, Straight_Hair, Young"
00862fa010_940307.jpg,"Bags_Under_Eyes, Big_Nose, Black_Hair, Bushy_Eyebrows, Male, Wearing_Necktie, Young"
00863fa010_940307.jpg,"Attractive, Male, No_Beard, Smiling, Young"
00864fa010_940307.jpg,"Attractive, Bangs, Brown_Hair, Male, No_Beard, Wavy_Hair, Young"
00866fa010_940307.jpg,"Attractive, Bags_Under_Eyes, Big_Nose, Black_Hair, Bushy_Eyebrows, High_Cheekbones, Male, No_Beard, Smiling, Young"
00867fa010_940307.jpg,"Bags_Under_Eyes, Big_Nose, Black_Hair, Chubby, High_Cheekbones, Male, Mouth_Slightly_Open, No_Beard, Smiling, Young"
00868fa010_940307.jpg,"Attractive, Bags_Under_Eyes, Brown_Hair, Bushy_Eyebrows, Male, No_Beard, Young"
00869fa010_940307.jpg,"5_o_Clock_Shadow, Bags_Under_Eyes, Big_Nose, Black_Hair, Bushy_Eyebrows, Male, Straight_Hair, Young"
00870fa010_940307.jpg,"5_o_Clock_Shadow, Attractive, Bags_Under_Eyes, Big_Nose, Black_Hair, Bushy_Eyebrows, Male, No_Beard, Straight_Hair, Young"
00871fa010_940307.jpg,"Bags_Under_Eyes, Big_Nose, Black_Hair, Bushy_Eyebrows, Male, No_Beard, Straight_Hair, Young"
00872fb010_940307.jpg,"Black_Hair, High_Cheekbones, No_Beard, Young"
00873fb010_940307.jpg,"Attractive, Bags_Under_Eyes, Male, No_Beard, Young"
00874fa010_940307.jpg,"5_o_Clock_Shadow, Attractive, Bushy_Eyebrows, Male, No_Beard, Young"
00875fa010_940307.jpg,"Bangs, Male, No_Beard, Young"
00876fb010_960530.jpg,"Eyeglasses, Male, No_Beard, Young"
00877fa010_960530.jpg,"5_o_Clock_Shadow, Male, No_Beard, Young"
00878fa010_960530.jpg,"Attractive, No_Beard, Young"
00879fa010_960530.jpg,"5_o_Clock_Shadow, Attractive, Male, No_Beard, Young"
00880fa010_960530.jpg,"5_o_Clock_Shadow, Bags_Under_Eyes, Big_Nose, Bushy_Eyebrows, Male, No_Beard, Young"
00882fa010_960530.jpg,"Bags_Under_Eyes, Big_Nose, Male, Young"
00883fa010_960530.jpg,"No_Beard, Young"
00884fa010_960530.jpg,"Bags_Under_Eyes, Big_Nose, Chubby, Double_Chin, Gray_Hair, Male, No_Beard, Wearing_Necktie"
00885fa010_960530.jpg,"Bags_Under_Eyes, Big_Nose, Chubby, Double_Chin, Male, No_Beard"
00886fa010_960530.jpg,"Big_Nose, Male, No_Beard, Wearing_Necktie, Young"
00887fa010_960530.jpg,"5_o_Clock_Shadow, Bags_Under_Eyes, Big_Nose, Male, Straight_Hair, Young"
00888fa010_960530.jpg,"Brown_Hair, Male, Mouth_Slightly_Open, No_Beard, Young"
00889fa010_960530.jpg,"Brown_Hair, No_Beard, Wavy_Hair, Young"
00890fa010_960530.jpg,"Male, Sideburns, Young"
00891fa010_960530.jpg,"Big_Nose, Eyeglasses, Male, No_Beard, Wearing_Necktie"
00892fa010_960530.jpg,"Bags_Under_Eyes, Big_Nose, Chubby, Male"
00893fa010_960530.jpg,"Bags_Under_Eyes, Black_Hair, Bushy_Eyebrows, Male, No_Beard, Straight_Hair, Young"
00894fa010_960530.jpg,"Big_Nose, Brown_Hair, Male, No_Beard, Wavy_Hair, Young"
00895fa010_960530.jpg,"Male, No_Beard"
00896fa010_960530.jpg,"Male, No_Beard"
00897fa010_960530.jpg,"5_o_Clock_Shadow, Bags_Under_Eyes, Big_Nose, Bushy_Eyebrows, Male, No_Beard, Young"
00898fa010_960530.jpg,"5_o_Clock_Shadow, Bags_Under_Eyes, Big_Nose, Male, Young"
00899fa010_960530.jpg,"Big_Nose, Chubby, Male, No_Beard, Young"
00900fa010_960530.jpg,"Bags_Under_Eyes, Big_Nose, Male"
00901fa010_960530.jpg,"Bags_Under_Eyes, Bald, Big_Nose, Male, Young"
00902fb010_960530.jpg,"Big_Nose, Black_Hair, Bushy_Eyebrows, Eyeglasses, Male, No_Beard, Young"
00903fa010_960530.jpg,"Bags_Under_Eyes, Big_Nose, Male, No_Beard"
00904fa010_960530.jpg,"Bags_Under_Eyes, Big_Nose, Chubby, Male, No_Beard, Wearing_Necktie"
00905fa010_960530.jpg,"Bags_Under_Eyes, Big_Nose, Chubby, Double_Chin, High_Cheekbones, Male, Mouth_Slightly_Open, No_Beard, Smiling"
00906fa010_960530.jpg,"Big_Nose, Male, Young"
00907fa010_960530.jpg,"Big_Nose, Chubby, Male, No_Beard, Wearing_Necktie"
00908fa010_960530.jpg,"5_o_Clock_Shadow, Bags_Under_Eyes, Big_Nose, Male, Sideburns, Young"
00909fa010_960530.jpg,"Big_Nose, Male, No_Beard, Wearing_Necktie"
00910fa010_960530.jpg,"Brown_Hair, No_Beard, Wavy_Hair, Young"
00911fa010_960530.jpg,"Male, No_Beard, Wearing_Necktie, Young"
00912fa010_960530.jpg,"Big_Nose, Male, No_Beard, Wearing_Necktie"
00913fa010_960530.jpg,"Attractive, Black_Hair, Male, No_Beard, Straight_Hair, Young"
00914fa010_960620.jpg,"Male, No_Beard, Wavy_Hair, Young"
00915fa010_960620.jpg,"Arched_Eyebrows, Big_Lips, Big_Nose, Heavy_Makeup, High_Cheekbones, Mouth_Slightly_Open, No_Beard, Oval_Face, Smiling, Wearing_Earrings, Wearing_Lipstick, Young"
00916fa010_960620.jpg,"Big_Nose, Chubby, Male, No_Beard, Young"
00917fa010_960620.jpg,"Big_Lips, Big_Nose, Chubby, Male, No_Beard, Young"
00918fa010_960620.jpg,"5_o_Clock_Shadow, Bags_Under_Eyes, Big_Nose, Black_Hair, Bushy_Eyebrows, Male, Sideburns, Smiling, Straight_Hair, Wearing_Necktie, Young"
00919fa010_960620.jpg,"Bags_Under_Eyes, Big_Nose, Gray_Hair, Male, No_Beard, Wearing_Necktie"
00920fa010_960627.jpg,"Bags_Under_Eyes, Brown_Hair, High_Cheekbones, Male, No_Beard, Wavy_Hair, Young"
00921fa010_960627.jpg,"Bags_Under_Eyes, Big_Nose, Black_Hair, Bushy_Eyebrows, Male, No_Beard, Straight_Hair, Young"
00922fa010_960627.jpg,"Bags_Under_Eyes, Male, No_Beard, Receding_Hairline, Wearing_Necktie"
00923fa010_960627.jpg,"Bags_Under_Eyes, Big_Nose, Black_Hair, Bushy_Eyebrows, Chubby, Double_Chin, High_Cheekbones, Male, Mouth_Slightly_Open, No_Beard, Smiling, Wearing_Necktie"
00924fa010_960627.jpg,"Bags_Under_Eyes, Big_Nose, Chubby, Double_Chin, Gray_Hair, High_Cheekbones, Male, Mouth_Slightly_Open, No_Beard, Smiling"
00925fa010_960627.jpg,"Attractive, Brown_Hair, High_Cheekbones, Mouth_Slightly_Open, No_Beard, Smiling, Wavy_Hair, Young"
00926fa010_960627.jpg,"5_o_Clock_Shadow, Bags_Under_Eyes, Big_Nose, Black_Hair, Bushy_Eyebrows, Chubby, Male, Mouth_Slightly_Open, Young"
00927fa010_960627.jpg,"Attractive, Bags_Under_Eyes, Brown_Hair, High_Cheekbones, Male, Mouth_Slightly_Open, No_Beard, Smiling, Wavy_Hair, Young"
00928fb010_960627.jpg,"5_o_Clock_Shadow, Bags_Under_Eyes, Big_Nose, Black_Hair, Bushy_Eyebrows, Male, No_Beard, Smiling, Straight_Hair, Young"
00929fa010_960627.jpg,"Bags_Under_Eyes, Big_Nose, Chubby, Double_Chin, High_Cheekbones, Male, Mouth_Slightly_Open, Smiling"
00930fa010_960627.jpg,"Bags_Under_Eyes, Big_Nose, Black_Hair, Bushy_Eyebrows, Chubby, High_Cheekbones, Male, Smiling, Young"
00931fa010_960627.jpg,"Bags_Under_Eyes, Big_Nose, Chubby, High_Cheekbones, Male, Mouth_Slightly_Open, No_Beard, Smiling, Young"
00932fa010_960627.jpg,"Attractive, Bags_Under_Eyes, Bangs, Big_Nose, Black_Hair, Bushy_Eyebrows, Male, No_Beard, Straight_Hair, Young"
00933fa010_960627.jpg,"Black_Hair, Bushy_Eyebrows, Male, No_Beard, Young"
00934fb010_960627.jpg,"Arched_Eyebrows, Attractive, Bangs, Brown_Hair, Heavy_Makeup, High_Cheekbones, No_Beard, Smiling, Wavy_Hair, Wearing_Earrings, Wearing_Lipstick, Young"
00935fa010_960627.jpg,"Bags_Under_Eyes, Big_Nose, Chubby, Goatee, Male, Mustache, Sideburns"
00936fa010_960627.jpg,"Bags_Under_Eyes, Big_Nose, High_Cheekbones, Male, Mouth_Slightly_Open, No_Beard, Smiling, Young"
00937fa010_960627.jpg,"Black_Hair, Male, No_Beard, Wavy_Hair"
00938fa010_960627.jpg,"Bags_Under_Eyes, Male, No_Beard, Young"
00939fa010_960627.jpg,"Attractive, Male, No_Beard, Young"
00940fa010_960627.jpg,"5_o_Clock_Shadow, Bags_Under_Eyes, Big_Nose, Bushy_Eyebrows, Chubby, High_Cheekbones, Male, Mouth_Slightly_Open, No_Beard, Smiling, Young"
00941fb010_960627.jpg,"Attractive, Bags_Under_Eyes, Bushy_Eyebrows, High_Cheekbones, Male, Mouth_Slightly_Open, No_Beard, Smiling, Young"
00942fa010_960627.jpg,"Bags_Under_Eyes, Big_Nose, Chubby, Double_Chin, Gray_Hair, High_Cheekbones, Male, Receding_Hairline, Sideburns, Smiling"
00943fa010_960627.jpg,"Attractive, Bags_Under_Eyes, Blond_Hair, Brown_Hair, High_Cheekbones, No_Beard, Smiling, Wavy_Hair"
00944fa010_960627.jpg,"Male, No_Beard, Wavy_Hair, Young"
00945fa010_960627.jpg,"Bags_Under_Eyes, Big_Lips, Big_Nose, Black_Hair, High_Cheekbones, Male, Mouth_Slightly_Open, No_Beard, Oval_Face, Receding_Hairline, Smiling, Young"
00946fa010_960627.jpg,"Attractive, Bags_Under_Eyes, Big_Lips, Big_Nose, Black_Hair, High_Cheekbones, Mouth_Slightly_Open, No_Beard, Smiling, Wavy_Hair, Wearing_Earrings, Young"
00947fa010_960627.jpg,"5_o_Clock_Shadow, Bags_Under_Eyes, Big_Nose, Black_Hair, Bushy_Eyebrows, Chubby, Double_Chin, Male, No_Beard, Wearing_Necktie"
00948fa010_960627.jpg,"Bags_Under_Eyes, Big_Nose, Black_Hair, Bushy_Eyebrows, Chubby, Double_Chin, High_Cheekbones, Male, Sideburns, Smiling, Wearing_Necktie, Young"
00949fb010_960627.jpg,"Attractive, Bags_Under_Eyes, Brown_Hair, High_Cheekbones, Mouth_Slightly_Open, No_Beard, Smiling, Wavy_Hair, Wearing_Lipstick, Young"
00950fa010_960627.jpg,"Bags_Under_Eyes, Big_Nose, Chubby, Double_Chin, High_Cheekbones, Male, Mouth_Slightly_Open, Smiling, Wearing_Necktie"
00951fa010_960627.jpg,"Bags_Under_Eyes, Big_Nose, Double_Chin, High_Cheekbones, Male, Mouth_Slightly_Open, No_Beard, Smiling"
00952fa010_960627.jpg,"Bags_Under_Eyes, Bald, Big_Nose, Double_Chin, High_Cheekbones, Male, No_Beard, Smiling"
00953fa010_960627.jpg,"Attractive, Bags_Under_Eyes, Brown_Hair, High_Cheekbones, Mouth_Slightly_Open, No_Beard, Smiling, Wavy_Hair, Wearing_Lipstick, Young"
00954fa010_960627.jpg,"Bags_Under_Eyes, Big_Nose, Black_Hair, Bushy_Eyebrows, Male, No_Beard, Smiling, Straight_Hair, Wearing_Necktie"
00955fb010_960627.jpg,"Bags_Under_Eyes, Big_Nose, Chubby, Gray_Hair, Male"
00956fa010_960627.jpg,"Bags_Under_Eyes, Big_Nose, Chubby, High_Cheekbones, Mouth_Slightly_Open, No_Beard, Smiling, Young"
00957fa010_960627.jpg,"Male, No_Beard, Wavy_Hair, Young"
00958fa010_960627.jpg,"Attractive, Bags_Under_Eyes, High_Cheekbones, Male, Mouth_Slightly_Open, No_Beard, Oval_Face, Smiling, Young"
00959fa010_960627.jpg,"5_o_Clock_Shadow, Bags_Under_Eyes, Big_Nose, Chubby, Double_Chin, Male, Wearing_Necktie"
00960fa010_960627.jpg,"5_o_Clock_Shadow, Bags_Under_Eyes, Big_Nose, Bushy_Eyebrows, Male, Young"
00961fa010_960627.jpg,"Bags_Under_Eyes, Big_Nose, Chubby, Male, Receding_Hairline, Sideburns"
00962fb010_960627.jpg,"Attractive, Bags_Under_Eyes, High_Cheekbones, Mouth_Slightly_Open, No_Beard, Oval_Face, Smiling, Wearing_Lipstick, Young"
00963fa010_960627.jpg,"Male, No_Beard, Wearing_Earrings, Young"
00964fb010_960627.jpg,"Bags_Under_Eyes, Big_Lips, Big_Nose, Black_Hair, Chubby, Double_Chin, Goatee, High_Cheekbones, Male, Mouth_Slightly_Open, Oval_Face, Smiling, Young"
00965fa010_960627.jpg,"Attractive, Black_Hair, High_Cheekbones, No_Beard, Smiling, Wavy_Hair, Young"
00966fa010_960627.jpg,"Bags_Under_Eyes, Big_Nose, Double_Chin, Gray_Hair, Male, No_Beard, Wearing_Necktie"
00967fa010_960627.jpg,"Attractive, Brown_Hair, High_Cheekbones, No_Beard, Smiling, Wavy_Hair, Wearing_Lipstick, Young"
00968fb010_960627.jpg,"5_o_Clock_Shadow, Bags_Under_Eyes, Big_Nose, Male, Mouth_Slightly_Open, Smiling, Young"
00969fa010_960627.jpg,"Bags_Under_Eyes, No_Beard, Wavy_Hair, Young"
00970fa010_960627.jpg,"Bags_Under_Eyes, Big_Nose, Gray_Hair, Male, No_Beard"
00971fa010_960627.jpg,"Attractive, Bangs, Brown_Hair, High_Cheekbones, No_Beard, Smiling, Wavy_Hair, Young"
00972fa010_960627.jpg,"Bags_Under_Eyes, Big_Nose, Double_Chin, Male, Mouth_Slightly_Open, No_Beard, Smiling, Straight_Hair"
00973fa010_960627.jpg,"5_o_Clock_Shadow, Attractive, Bags_Under_Eyes, Bushy_Eyebrows, High_Cheekbones, Male, Mouth_Slightly_Open, No_Beard, Smiling, Straight_Hair, Young"
00974fa010_960627.jpg,"Bags_Under_Eyes, Big_Lips, Big_Nose, Bushy_Eyebrows, High_Cheekbones, Male, Mouth_Slightly_Open, No_Beard, Smiling, Young"
00976fa010_960627.jpg,"5_o_Clock_Shadow, Bags_Under_Eyes, Big_Lips, Big_Nose, Black_Hair, Bushy_Eyebrows, Male, Young"
00977fa010_960627.jpg,"Bags_Under_Eyes, Big_Nose, Chubby, Double_Chin, Male, No_Beard"
00978fa010_960627.jpg,"Bags_Under_Eyes, Big_Lips, Big_Nose, Double_Chin, High_Cheekbones, Male, Mouth_Slightly_Open, No_Beard, Smiling, Wavy_Hair, Young"
00979fa010_960627.jpg,"Bags_Under_Eyes, Big_Nose, Male, No_Beard"
00980fa010_960627.jpg,"Attractive, Brown_Hair, Bushy_Eyebrows, Heavy_Makeup, High_Cheekbones, Mouth_Slightly_Open, No_Beard, Oval_Face, Smiling, Wavy_Hair, Wearing_Lipstick, Young"
00981fa010_960627.jpg,"Bags_Under_Eyes, Big_Nose, Brown_Hair, High_Cheekbones, Male, Mouth_Slightly_Open, No_Beard, Smiling, Wavy_Hair, Wearing_Earrings"
00982fa010_960627.jpg,"5_o_Clock_Shadow, Big_Nose, Bushy_Eyebrows, Male, No_Beard, Young"
00983fa010_960627.jpg,"Bags_Under_Eyes, Big_Nose, Chubby, Double_Chin, High_Cheekbones, Male, No_Beard, Smiling, Young"
00984fa010_960627.jpg,"Attractive, Bags_Under_Eyes, High_Cheekbones, Mouth_Slightly_Open, No_Beard, Smiling, Wearing_Lipstick, Young"
00985fa010_960627.jpg,"Bags_Under_Eyes, Big_Nose, Chubby, Double_Chin, High_Cheekbones, Male, Mouth_Slightly_Open, No_Beard, Smiling"
00986fa010_960627.jpg,"Attractive, Bangs, Brown_Hair, Heavy_Makeup, High_Cheekbones, Mouth_Slightly_Open, No_Beard, Oval_Face, Smiling, Wearing_Lipstick, Young"
00987fa010_960627.jpg,"5_o_Clock_Shadow, Bags_Under_Eyes, Big_Nose, High_Cheekbones, Male, Mouth_Slightly_Open, No_Beard, Smiling, Young"
00988fa010_960627.jpg,"Bags_Under_Eyes, Big_Nose, Black_Hair, Bushy_Eyebrows, High_Cheekbones, Male, No_Beard, Smiling, Straight_Hair, Young"
00989fa010_960627.jpg,"Bags_Under_Eyes, High_Cheekbones, Male, Mouth_Slightly_Open, No_Beard, Smiling, Straight_Hair, Young"
00990fa010_960627.jpg,"Attractive, Bags_Under_Eyes, Big_Lips, Big_Nose, Black_Hair, Bushy_Eyebrows, High_Cheekbones, Male, Mouth_Slightly_Open, No_Beard, Smiling, Young"
00991fa010_960627.jpg,"Bags_Under_Eyes, Big_Nose, Double_Chin, Gray_Hair, High_Cheekbones, Male, Mouth_Slightly_Open, No_Beard, Smiling"
00992fa010_960627.jpg,"Bags_Under_Eyes, Big_Nose, Chubby, Double_Chin, High_Cheekbones, Male, Mouth_Slightly_Open, No_Beard, Smiling, Young"
00993fa010_960627.jpg,"Bags_Under_Eyes, Big_Nose, High_Cheekbones, Male, Mouth_Slightly_Open, No_Beard, Smiling"
00994fa010_960627.jpg,"Attractive, Bushy_Eyebrows, Male, No_Beard, Pale_Skin, Smiling, Straight_Hair, Young"
00995fa010_960627.jpg,"Bags_Under_Eyes, Big_Nose, Chubby, Double_Chin, High_Cheekbones, Male, Mouth_Slightly_Open, No_Beard, Smiling"
00996fa010_960627.jpg,"Bags_Under_Eyes, Brown_Hair, High_Cheekbones, Mouth_Slightly_Open, No_Beard, Smiling, Wavy_Hair, Wearing_Lipstick"
00997fa010_960627.jpg,"Bags_Under_Eyes, Big_Nose, Male, No_Beard, Smiling, Young"
00998fb010_960627.jpg,"Bags_Under_Eyes, Big_Nose, Chubby, Double_Chin, High_Cheekbones, Male, Mouth_Slightly_Open, No_Beard, Receding_Hairline, Smiling"
00999fa010_960627.jpg,"Bags_Under_Eyes, Big_Nose, Chubby, Double_Chin, High_Cheekbones, Male, Mouth_Slightly_Open, No_Beard, Smiling"
01000fa010_960627.jpg,"Bags_Under_Eyes, Big_Nose, Chubby, Double_Chin, High_Cheekbones, Male, Mouth_Slightly_Open, No_Beard, Smiling"
01001fa010_960627.jpg,"Bags_Under_Eyes, Big_Nose, High_Cheekbones, Male, Sideburns, Smiling, Young"
01002fa010_960627.jpg,"Bags_Under_Eyes, Big_Nose, Double_Chin, High_Cheekbones, Male, Mouth_Slightly_Open, No_Beard, Smiling"
01003fa010_960627.jpg,"Bags_Under_Eyes, Big_Nose, High_Cheekbones, Male, No_Beard, Smiling"
01004fa010_960627.jpg,"5_o_Clock_Shadow, Attractive, Bags_Under_Eyes, High_Cheekbones, Male, Mouth_Slightly_Open, No_Beard, Smiling, Straight_Hair, Young"
01005fa010_960627.jpg,"5_o_Clock_Shadow, Attractive, Bags_Under_Eyes, High_Cheekbones, Male, No_Beard, Smiling, Young"
01006fa010_960627.jpg,"5_o_Clock_Shadow, Bags_Under_Eyes, Big_Nose, Male, No_Beard, Smiling, Straight_Hair, Young"
01007fa010_960627.jpg,"High_Cheekbones, Mouth_Slightly_Open, No_Beard, Smiling, Wavy_Hair, Wearing_Lipstick, Young"
01008fa010_960627.jpg,"Attractive, High_Cheekbones, Mouth_Slightly_Open, No_Beard, Smiling, Wavy_Hair, Wearing_Lipstick, Young"
01009fa010_960627.jpg,"Bags_Under_Eyes, Big_Nose, High_Cheekbones, Male, Mouth_Slightly_Open, No_Beard, Smiling, Wavy_Hair, Young"
01010fa010_960627.jpg,"5_o_Clock_Shadow, Bags_Under_Eyes, Big_Nose, Male, No_Beard, Young"
01011fa010_960627.jpg,"Bags_Under_Eyes, High_Cheekbones, Male, No_Beard, Smiling"
01012fa010_960627.jpg,"5_o_Clock_Shadow, Bags_Under_Eyes, Big_Nose, Double_Chin, High_Cheekbones, Male, Mouth_Slightly_Open, No_Beard, Smiling"
01207fa010_940128.jpg,"Bags_Under_Eyes, Male, No_Beard, Young"
